,Age,Attrition,DistanceFromHome,Education,EnvironmentSatisfaction,JobInvolvement,MonthlyIncome,MonthlyRate,PercentSalaryHike,RelationshipSatisfaction,PerformanceRating,WorkLifeBalance,YearsInCurrentRole,YearsAtCompany,YearsSinceLastPromotion,YearsWithCurrManager,BusinessTravel_Non-Travel,BusinessTravel_Travel_Frequently,BusinessTravel_Travel_Rarely,Department_Human Resources,Department_Research & Development,Department_Sales,EducationField_Human Resources,EducationField_Life Sciences,EducationField_Marketing,EducationField_Medical,EducationField_Other,EducationField_Technical Degree,Gender_Female,Gender_Male,JobRole_Healthcare Representative,JobRole_Human Resources,JobRole_Laboratory Technician,JobRole_Manager,JobRole_Manufacturing Director,JobRole_Research Director,JobRole_Research Scientist,JobRole_Sales Executive,JobRole_Sales Representative,MaritalStatus_Divorced,MaritalStatus_Married,MaritalStatus_Single,OverTime,Attrition
0,41,Yes,1,2,2,3,5993,19479,11,1,3,1,4,6,0,5,0,0,1,0,0,1,0,1,0,0,0,0,1,0,0,0,0,0,0,0,0,1,0,0,0,1,1,1
1,49,No,8,1,3,2,5130,24907,23,4,4,3,7,10,1,7,0,1,0,0,1,0,0,1,0,0,0,0,0,1,0,0,0,0,0,0,1,0,0,0,1,0,0,0
2,37,Yes,2,2,4,2,2090,2396,15,2,3,3,0,0,0,0,0,0,1,0,1,0,0,0,0,0,1,0,0,1,0,0,1,0,0,0,0,0,0,0,0,1,1,1
3,33,No,3,4,4,3,2909,23159,11,3,3,3,7,8,3,0,0,1,0,0,1,0,0,1,0,0,0,0,1,0,0,0,0,0,0,0,1,0,0,0,1,0,1,0
4,27,No,2,1,1,3,3468,16632,12,4,3,3,2,2,2,2,0,0,1,0,1,0,0,0,0,1,0,0,0,1,0,0,1,0,0,0,0,0,0,0,1,0,0,0
5,32,No,2,2,4,3,3068,11864,13,3,3,2,7,7,3,6,0,1,0,0,1,0,0,1,0,0,0,0,0,1,0,0,1,0,0,0,0,0,0,0,0,1,0,0
6,59,No,3,3,3,4,2670,9964,20,1,4,2,0,1,0,0,0,0,1,0,1,0,0,0,0,1,0,0,1,0,0,0,1,0,0,0,0,0,0,0,1,0,1,0
7,30,No,24,1,4,3,2693,13335,22,2,4,3,0,1,0,0,0,0,1,0,1,0,0,1,0,0,0,0,0,1,0,0,1,0,0,0,0,0,0,1,0,0,0,0
8,38,No,23,3,4,2,9526,8787,21,2,4,3,7,9,1,8,0,1,0,0,1,0,0,1,0,0,0,0,0,1,0,0,0,0,1,0,0,0,0,0,0,1,0,0
9,36,No,27,3,3,3,5237,16577,13,2,3,2,7,7,7,7,0,0,1,0,1,0,0,0,0,1,0,0,0,1,1,0,0,0,0,0,0,0,0,0,1,0,0,0
10,35,No,16,3,1,4,2426,16479,13,3,3,3,4,5,0,3,0,0,1,0,1,0,0,0,0,1,0,0,0,1,0,0,1,0,0,0,0,0,0,0,1,0,0,0
11,29,No,15,2,4,2,4193,12682,12,4,3,3,5,9,0,8,0,0,1,0,1,0,0,1,0,0,0,0,1,0,0,0,1,0,0,0,0,0,0,0,0,1,1,0
12,31,No,26,1,1,3,2911,15170,17,4,3,2,2,5,4,3,0,0,1,0,1,0,0,1,0,0,0,0,0,1,0,0,0,0,0,0,1,0,0,1,0,0,0,0
13,34,No,19,2,2,3,2661,8758,11,3,3,3,2,2,1,2,0,0,1,0,1,0,0,0,0,1,0,0,0,1,0,0,1,0,0,0,0,0,0,1,0,0,0,0
14,28,Yes,24,3,3,2,2028,12947,14,2,3,3,2,4,0,3,0,0,1,0,1,0,0,1,0,0,0,0,0,1,0,0,1,0,0,0,0,0,0,0,0,1,1,1
15,29,No,21,4,2,4,9980,10195,11,3,3,3,9,10,8,8,0,0,1,0,1,0,0,1,0,0,0,0,1,0,0,0,0,0,1,0,0,0,0,1,0,0,0,0
16,32,No,5,2,1,4,3298,15053,12,4,3,2,2,6,0,5,0,0,1,0,1,0,0,1,0,0,0,0,0,1,0,0,0,0,0,0,1,0,0,1,0,0,1,0
17,22,No,16,2,4,4,2935,7324,13,2,3,2,0,1,0,0,1,0,0,0,1,0,0,0,0,1,0,0,0,1,0,0,1,0,0,0,0,0,0,1,0,0,1,0
18,53,No,2,4,1,2,15427,22021,16,3,3,3,8,25,3,7,0,0,1,0,0,1,0,1,0,0,0,0,1,0,0,0,0,1,0,0,0,0,0,0,1,0,0,0
19,38,No,2,3,4,3,3944,4306,11,3,3,3,2,3,1,2,0,0,1,0,1,0,0,1,0,0,0,0,0,1,0,0,0,0,0,0,1,0,0,0,0,1,1,0
20,24,No,11,2,1,4,4011,8232,18,4,3,2,2,4,1,3,1,0,0,0,1,0,0,0,0,0,1,0,1,0,0,0,0,0,1,0,0,0,0,1,0,0,0,0
21,36,Yes,9,4,3,2,3407,6986,23,2,4,3,3,5,0,3,0,0,1,0,0,1,0,1,0,0,0,0,0,1,0,0,0,0,0,0,0,0,1,0,0,1,0,1
22,34,No,7,4,1,3,11994,21293,11,3,3,3,6,12,2,11,0,0,1,0,1,0,0,1,0,0,0,0,1,0,0,0,0,0,0,1,0,0,0,0,0,1,0,0
23,21,No,15,2,3,3,1232,19281,14,4,3,3,0,0,0,0,0,0,1,0,1,0,0,1,0,0,0,0,0,1,0,0,0,0,0,0,1,0,0,0,0,1,0,0
24,34,Yes,6,1,2,3,2960,17102,11,3,3,3,2,4,1,3,0,0,1,0,1,0,0,0,0,1,0,0,0,1,0,0,0,0,0,0,1,0,0,0,0,1,0,1
25,53,No,5,3,3,3,19094,10735,11,4,3,2,13,14,4,8,0,0,1,0,1,0,0,0,0,0,1,0,1,0,0,0,0,1,0,0,0,0,0,1,0,0,0,0
26,32,Yes,16,1,2,1,3919,4681,22,2,4,3,2,10,6,7,0,1,0,0,1,0,0,1,0,0,0,0,1,0,0,0,0,0,0,0,1,0,0,0,0,1,1,1
27,42,No,8,4,3,3,6825,21173,11,4,3,3,7,9,4,2,0,0,1,0,0,1,0,0,1,0,0,0,0,1,0,0,0,0,0,0,0,1,0,0,1,0,0,0
28,44,No,7,4,1,2,10248,2094,14,4,3,3,6,22,5,17,0,0,1,0,1,0,0,0,0,1,0,0,1,0,1,0,0,0,0,0,0,0,0,0,1,0,0,0
29,46,No,2,4,2,3,18947,22822,12,4,3,2,2,2,2,1,0,0,1,0,0,1,0,0,1,0,0,0,1,0,0,0,0,1,0,0,0,0,0,0,0,1,0,0
30,33,No,2,3,3,3,2496,6670,11,4,3,3,1,1,0,0,0,0,1,0,1,0,0,0,0,1,0,0,0,1,0,0,1,0,0,0,0,0,0,0,0,1,0,0
31,44,No,10,4,4,3,6465,19121,13,4,3,4,2,4,1,3,0,0,1,0,1,0,0,0,0,0,1,0,0,1,1,0,0,0,0,0,0,0,0,0,1,0,1,0
32,30,No,9,2,4,2,2206,16117,13,1,3,3,0,10,1,8,0,0,1,0,1,0,0,0,0,1,0,0,0,1,0,0,1,0,0,0,0,0,0,0,0,1,0,0
33,39,Yes,5,3,4,3,2086,3335,14,3,3,4,0,1,0,0,0,0,1,0,0,1,0,0,0,0,0,1,0,1,0,0,0,0,0,0,0,0,1,0,1,0,0,1
34,24,Yes,1,3,2,3,2293,3020,16,1,3,2,0,2,2,0,0,0,1,0,1,0,0,0,0,1,0,0,0,1,0,0,0,0,0,0,1,0,0,0,1,0,1,1
35,43,No,2,2,4,4,2645,21923,12,4,3,2,3,5,1,4,0,0,1,0,1,0,0,0,0,1,0,0,1,0,0,0,0,0,0,0,1,0,0,1,0,0,0,0
36,50,Yes,3,2,1,2,2683,3810,14,3,3,3,2,3,0,2,0,0,1,0,0,1,0,0,1,0,0,0,0,1,0,0,0,0,0,0,0,0,1,0,1,0,1,1
37,35,No,2,3,4,3,2014,9687,13,1,3,3,2,2,2,2,0,0,1,0,0,1,0,0,1,0,0,0,1,0,0,0,0,0,0,0,0,0,1,0,1,0,0,0
38,36,No,5,4,2,2,3419,13072,14,4,3,4,1,1,0,0,0,0,1,0,1,0,0,1,0,0,0,0,1,0,0,0,0,0,0,0,1,0,0,0,1,0,1,0
39,33,No,1,3,3,4,5376,3193,19,1,3,3,3,5,1,3,0,1,0,0,0,1,0,1,0,0,0,0,1,0,0,0,0,0,0,0,0,1,0,0,1,0,0,0
40,35,No,4,2,3,3,1951,10910,12,3,3,3,0,1,0,0,0,0,1,0,1,0,0,0,0,0,1,0,0,1,0,0,1,0,0,0,0,0,0,1,0,0,0,0
41,27,No,2,4,4,3,2341,19715,13,4,3,3,0,1,0,0,0,0,1,0,1,0,0,1,0,0,0,0,1,0,0,0,1,0,0,0,0,0,0,1,0,0,0,0
42,26,Yes,25,3,1,1,2293,10558,12,3,3,2,0,1,0,1,0,0,1,0,1,0,0,1,0,0,0,0,0,1,0,0,1,0,0,0,0,0,0,0,0,1,0,1
43,27,No,8,3,4,3,8726,2975,15,4,3,3,8,9,1,7,0,1,0,0,0,1,0,1,0,0,0,0,0,1,0,0,0,0,0,0,0,1,0,0,0,1,0,0
44,30,No,1,2,3,3,4011,10781,23,4,4,3,8,12,3,7,0,1,0,0,1,0,0,0,0,1,0,0,1,0,0,0,1,0,0,0,0,0,0,0,0,1,0,0
45,41,Yes,12,3,2,3,19545,16280,12,4,3,3,15,22,15,8,0,0,1,0,1,0,0,0,0,0,0,1,1,0,0,0,0,0,0,1,0,0,0,0,1,0,0,1
46,34,No,23,4,2,3,4568,10034,20,3,4,3,5,9,8,7,1,0,0,0,0,1,0,0,1,0,0,0,0,1,0,0,0,0,0,0,0,1,0,0,0,1,0,0
47,37,No,19,2,2,3,3022,10227,21,1,4,3,0,1,0,0,0,0,1,0,1,0,0,1,0,0,0,0,0,1,0,0,0,0,0,0,1,0,0,0,1,0,0,0
48,46,No,5,4,1,3,5772,20445,21,3,4,3,6,9,0,8,0,1,0,0,0,1,0,0,1,0,0,0,0,1,0,0,0,0,0,0,0,1,0,0,0,1,1,0
49,35,No,8,1,4,4,2269,4892,19,4,3,3,0,1,0,1,0,0,1,0,1,0,0,1,0,0,0,0,0,1,0,0,1,0,0,0,0,0,0,0,1,0,0,0
50,48,Yes,1,2,1,2,5381,19294,13,4,3,3,0,1,0,0,0,0,1,0,1,0,0,1,0,0,0,0,0,1,0,0,1,0,0,0,0,0,0,0,0,1,1,1
51,28,Yes,5,4,3,3,3441,11179,13,3,3,2,2,2,2,2,0,0,1,0,1,0,0,0,0,0,0,1,0,1,0,0,1,0,0,0,0,0,0,0,0,1,1,1
52,44,No,1,5,2,3,5454,4009,21,3,4,2,3,4,1,3,0,0,1,0,0,1,0,0,1,0,0,0,1,0,0,0,0,0,0,0,0,1,0,1,0,0,1,0
53,35,No,11,2,3,2,9884,8302,13,3,3,3,0,4,2,3,1,0,0,0,1,0,0,0,0,1,0,0,0,1,1,0,0,0,0,0,0,0,0,0,1,0,1,0
54,26,No,23,3,3,2,4157,21436,19,3,3,2,2,2,0,0,0,0,1,0,0,1,0,0,1,0,0,0,1,0,0,0,0,0,0,0,0,1,0,0,1,0,1,0
55,33,No,1,2,1,3,13458,15146,12,3,3,3,14,15,8,12,0,1,0,0,1,0,0,1,0,0,0,0,1,0,0,0,0,0,0,1,0,0,0,0,0,1,1,0
56,35,No,18,5,2,3,9069,11031,22,4,4,2,8,9,1,8,0,1,0,0,0,1,0,1,0,0,0,0,0,1,0,0,0,0,0,0,0,1,0,0,1,0,0,0
57,35,No,23,4,3,3,4014,16002,15,3,3,3,2,2,2,2,0,0,1,0,1,0,0,0,0,1,0,0,1,0,0,0,1,0,0,0,0,0,0,0,1,0,1,0
58,31,No,7,4,4,3,5915,9528,22,4,4,2,7,7,1,7,0,0,1,0,1,0,0,1,0,0,0,0,0,1,0,0,1,0,0,0,0,0,0,1,0,0,0,0
59,37,No,1,4,1,2,5993,2689,18,3,3,4,5,7,0,7,0,0,1,0,1,0,0,1,0,0,0,0,0,1,0,0,0,0,1,0,0,0,0,1,0,0,0,0
60,32,No,1,3,1,3,6162,10877,22,2,4,3,8,9,7,8,0,0,1,0,1,0,0,0,0,1,0,0,0,1,0,0,0,0,1,0,0,0,0,0,1,0,1,0
61,38,No,29,5,4,3,2406,5456,11,4,3,3,3,10,9,9,0,1,0,0,1,0,0,1,0,0,0,0,1,0,0,0,1,0,0,0,0,0,0,0,0,1,0,0
62,50,No,7,2,2,2,18740,16701,12,4,3,2,3,27,13,8,0,0,1,0,1,0,0,0,0,1,0,0,1,0,0,0,0,0,0,1,0,0,0,1,0,0,1,0
63,59,No,25,3,1,3,7637,2354,11,4,3,2,16,21,7,9,0,0,1,0,0,1,0,1,0,0,0,0,1,0,0,0,0,0,0,0,0,1,0,0,0,1,0,0
64,36,No,8,3,3,3,10096,8202,13,2,3,3,14,17,12,8,0,0,1,0,1,0,0,0,0,0,0,1,1,0,1,0,0,0,0,0,0,0,0,1,0,0,0,0
65,55,No,8,3,4,3,14756,19730,14,3,3,3,0,5,0,2,0,0,1,0,1,0,0,0,0,1,0,0,1,0,0,0,0,1,0,0,0,0,0,1,0,0,1,0
66,36,No,11,3,2,2,6499,22656,13,3,3,3,5,6,0,3,0,1,0,0,1,0,0,1,0,0,0,0,0,1,0,0,0,0,1,0,0,0,0,0,0,1,0,0
67,45,No,7,3,2,3,9724,18787,17,3,3,3,0,1,0,0,0,0,1,0,1,0,0,1,0,0,0,0,0,1,0,0,0,0,0,0,1,0,0,1,0,0,0,0
68,35,No,1,3,2,3,2194,5868,13,4,3,2,2,3,1,2,0,1,0,0,1,0,0,0,0,1,0,0,0,1,0,0,0,0,0,0,1,0,0,0,1,0,0,0
69,36,Yes,9,3,4,2,3388,21777,17,1,3,2,0,1,0,0,0,0,1,0,1,0,0,0,0,1,0,0,0,1,0,0,0,0,0,0,1,0,0,0,1,0,1,1
70,59,No,1,1,1,2,5473,24668,11,4,3,2,3,4,1,3,0,1,0,0,0,1,0,1,0,0,0,0,1,0,0,0,0,0,0,0,0,1,0,0,0,1,0,0
71,29,No,2,3,3,3,2703,4956,23,4,4,3,4,5,0,4,0,0,1,0,1,0,0,1,0,0,0,0,0,1,0,0,0,0,0,0,1,0,0,0,1,0,0,0
72,31,No,1,4,3,3,2501,18775,17,2,3,3,1,1,1,0,0,0,1,0,1,0,0,0,0,1,0,0,0,1,0,0,0,0,0,0,1,0,0,0,0,1,0,0
73,32,No,1,3,2,3,6220,7346,17,2,3,3,4,10,0,9,0,0,1,0,1,0,0,1,0,0,0,0,0,1,0,0,0,0,0,0,1,0,0,0,1,0,0,0
74,36,No,6,3,2,4,3038,22002,12,2,3,3,0,1,0,0,0,0,1,0,1,0,0,1,0,0,0,0,1,0,0,0,1,0,0,0,0,0,0,0,1,0,0,0
75,31,No,8,4,3,3,4424,20682,23,4,4,3,7,11,1,8,0,0,1,0,1,0,0,1,0,0,0,0,1,0,0,0,0,0,1,0,0,0,0,0,0,1,0,0
76,35,No,1,4,3,2,4312,23016,14,2,3,3,13,15,2,8,0,0,1,0,0,1,0,0,1,0,0,0,0,1,0,0,0,0,0,0,0,1,0,0,0,1,0,0
77,45,No,6,4,4,3,13245,15067,14,2,3,4,0,0,0,0,0,0,1,0,1,0,0,0,0,0,1,0,0,1,0,0,0,0,0,1,0,0,0,0,1,0,1,0
78,37,No,7,4,1,3,13664,25258,13,1,3,4,2,5,0,2,0,0,1,0,1,0,0,0,0,1,0,0,0,1,0,0,0,0,0,1,0,0,0,0,0,1,0,0
79,46,No,5,2,2,3,5021,10425,22,4,4,3,2,4,0,2,0,0,1,1,0,0,0,0,0,1,0,0,0,1,0,1,0,0,0,0,0,0,0,1,0,0,1,0
80,30,No,1,1,4,2,5126,15998,12,3,3,2,8,10,3,0,0,0,1,0,1,0,0,1,0,0,0,0,0,1,0,0,1,0,0,0,0,0,0,0,1,0,1,0
81,35,No,1,3,2,2,2859,26278,18,1,3,3,4,6,0,4,0,0,1,0,1,0,0,0,0,1,0,0,0,1,0,0,0,0,0,0,1,0,0,0,0,1,0,0
82,55,No,1,2,1,3,10239,18092,14,4,3,3,0,1,1,0,0,0,1,0,0,1,0,1,0,0,0,0,0,1,0,0,0,0,0,0,0,1,0,0,1,0,0,0
83,38,No,6,3,2,1,5329,15717,12,4,3,3,11,13,1,9,1,0,0,0,1,0,0,0,0,1,0,0,1,0,0,0,0,0,0,0,1,0,0,1,0,0,1,0
84,34,No,1,2,1,3,4325,17736,15,3,3,3,2,5,1,3,0,0,1,0,1,0,0,0,0,1,0,0,0,1,0,0,0,0,1,0,0,0,0,0,1,0,0,0
85,56,No,7,3,4,1,7260,21698,11,1,3,2,4,6,0,2,0,0,1,0,1,0,0,1,0,0,0,0,0,1,0,0,0,0,1,0,0,0,0,0,0,1,0,0
86,23,No,2,1,3,3,2322,9518,13,3,3,3,0,0,0,0,0,0,1,0,0,1,0,0,0,0,0,1,0,1,0,0,0,0,0,0,0,0,1,1,0,0,0,0
87,51,No,9,4,4,3,2075,18725,23,2,4,3,2,4,0,3,0,0,1,0,1,0,0,1,0,0,0,0,0,1,0,0,1,0,0,0,0,0,0,0,1,0,0,0
88,30,No,2,3,3,2,4152,15830,19,1,3,3,10,11,10,8,0,0,1,0,1,0,0,1,0,0,0,0,0,1,1,0,0,0,0,0,0,0,0,0,1,0,0,0
89,46,Yes,9,2,3,2,9619,13596,16,4,3,3,8,9,4,7,0,0,1,0,0,1,0,0,0,1,0,0,0,1,0,0,0,0,0,0,0,1,0,0,0,1,0,1
90,40,No,1,4,3,2,13503,14115,22,4,4,2,3,22,11,11,0,1,0,0,1,0,0,1,0,0,0,0,0,1,1,0,0,0,0,0,0,0,0,0,1,0,0,0
91,51,No,21,4,3,3,5441,8423,22,4,4,1,7,10,1,0,0,0,1,0,0,1,0,0,1,0,0,0,0,1,0,0,0,0,0,0,0,1,0,0,0,1,1,0
92,30,No,4,2,3,2,5209,19760,12,2,3,2,8,11,2,7,0,0,1,0,0,1,0,0,0,1,0,0,1,0,0,0,0,0,0,0,0,1,0,1,0,0,1,0
93,46,No,1,3,3,2,10673,3142,13,3,3,2,9,10,9,5,0,1,0,0,1,0,0,0,0,1,0,0,0,1,1,0,0,0,0,0,0,0,0,0,1,0,1,0
94,32,No,6,4,2,3,5010,24301,16,1,3,3,8,11,5,7,0,0,1,0,0,1,0,0,0,1,0,0,0,1,0,0,0,0,0,0,0,1,0,0,0,1,0,0
95,54,No,2,4,1,3,13549,24001,12,1,3,1,3,4,0,3,0,0,1,0,1,0,0,0,0,0,0,1,1,0,0,0,0,0,0,1,0,0,0,0,1,0,0,0
96,24,No,3,2,1,3,4999,17519,21,1,4,2,2,3,0,2,0,0,1,0,0,1,0,0,0,0,1,0,1,0,0,0,0,0,0,0,0,1,0,0,1,0,0,0
97,28,No,4,3,2,3,4221,8863,15,2,3,4,4,5,0,4,1,0,0,0,0,1,0,0,0,1,0,0,0,1,0,0,0,0,0,0,0,1,0,0,1,0,0,0
98,58,No,10,4,4,3,13872,24409,13,3,3,2,10,37,1,8,0,0,1,0,0,1,0,0,0,1,0,0,0,1,0,0,0,0,0,0,0,1,0,0,0,1,0,0
99,44,No,23,3,2,3,2042,25043,12,3,3,4,2,3,1,2,1,0,0,0,1,0,0,0,0,1,0,0,0,1,0,0,1,0,0,0,0,0,0,0,1,0,0,0
100,37,Yes,6,4,3,3,2073,23648,22,4,4,3,2,3,0,2,0,0,1,1,0,0,1,0,0,0,0,0,0,1,0,1,0,0,0,0,0,0,0,1,0,0,1,1
101,32,No,1,1,4,3,2956,15178,13,4,3,3,0,1,0,0,0,0,1,0,1,0,0,1,0,0,0,0,0,1,0,0,0,0,0,0,1,0,0,0,0,1,0,0
102,20,Yes,6,3,4,2,2926,19783,18,2,3,3,0,1,1,0,0,1,0,0,1,0,0,1,0,0,0,0,1,0,0,0,1,0,0,0,0,0,0,0,0,1,1,1
103,34,No,6,4,1,3,4809,12482,14,3,3,3,13,16,2,10,0,0,1,0,1,0,0,0,0,0,1,0,1,0,0,0,0,0,0,0,1,0,0,0,0,1,0,0
104,37,No,2,2,3,2,5163,15850,14,4,3,4,0,1,0,0,1,0,0,0,1,0,0,1,0,0,0,0,0,1,1,0,0,0,0,0,0,0,0,1,0,0,0,0
105,59,No,2,4,3,2,18844,21922,21,4,4,3,2,3,2,2,1,0,0,1,0,0,1,0,0,0,0,0,1,0,0,0,0,1,0,0,0,0,0,0,1,0,0,0
106,50,No,1,3,1,3,18172,9755,19,1,3,2,3,8,0,7,0,1,0,0,1,0,0,1,0,0,0,0,1,0,0,0,0,0,0,1,0,0,0,0,1,0,1,0
107,25,Yes,5,3,3,2,5744,26959,11,4,3,3,4,6,0,3,0,0,1,0,0,1,0,0,1,0,0,0,0,1,0,0,0,0,0,0,0,1,0,0,0,1,1,1
108,25,No,7,1,4,2,2889,26897,11,3,3,3,2,2,2,1,0,0,1,0,1,0,0,0,0,1,0,0,0,1,0,0,0,0,0,0,1,0,0,0,1,0,0,0
109,22,No,15,3,2,3,2871,23785,15,3,3,3,0,0,0,0,0,0,1,0,1,0,0,0,0,1,0,0,1,0,0,0,1,0,0,0,0,0,0,0,0,1,0,0
110,51,No,1,4,1,2,7484,25796,20,3,4,2,12,13,12,8,0,1,0,0,1,0,0,0,0,1,0,0,1,0,1,0,0,0,0,0,0,0,0,0,0,1,0,0
111,34,Yes,7,3,1,1,6074,22887,24,4,4,3,7,9,0,6,0,1,0,0,1,0,0,1,0,0,0,0,0,1,0,0,1,0,0,0,0,0,0,0,0,1,1,1
112,54,No,26,3,4,4,17328,13871,12,3,3,3,3,5,4,4,1,0,0,1,0,0,1,0,0,0,0,0,1,0,0,0,0,1,0,0,0,0,0,0,0,1,1,0
113,24,No,18,1,2,3,2774,13257,12,3,3,3,3,5,1,2,0,0,1,0,1,0,0,1,0,0,0,0,0,1,0,0,1,0,0,0,0,0,0,0,1,0,0,0
114,34,No,6,4,3,2,4505,15000,15,3,3,3,0,1,0,0,0,0,1,0,1,0,0,1,0,0,0,0,1,0,0,0,0,0,0,0,1,0,0,1,0,0,0,0
115,37,No,3,3,3,3,7428,14506,12,1,3,3,3,5,1,3,0,0,1,0,0,1,0,1,0,0,0,0,0,1,0,0,0,0,0,0,0,1,0,0,0,1,0,0
116,34,No,5,3,3,2,11631,5615,12,4,3,3,10,11,5,8,0,0,1,0,1,0,0,0,0,1,0,0,1,0,0,0,0,1,0,0,0,0,0,0,0,1,0,0
117,36,No,11,2,2,3,9738,22952,14,3,3,3,7,9,2,8,0,1,0,0,0,1,0,0,0,0,0,1,1,0,0,0,0,0,0,0,0,1,0,0,1,0,0,0
118,36,No,3,2,1,3,2835,2561,22,1,4,3,0,1,0,0,0,0,1,0,1,0,0,1,0,0,0,0,1,0,0,0,1,0,0,0,0,0,0,1,0,0,0,0
119,43,No,26,2,3,3,16959,19494,12,4,3,4,12,25,4,12,0,1,0,0,0,1,0,1,0,0,0,0,0,1,0,0,0,1,0,0,0,0,0,0,1,0,1,0
120,30,No,23,3,1,1,2613,22310,25,3,4,2,7,10,0,9,0,1,0,0,1,0,0,1,0,0,0,0,0,1,0,0,0,0,0,0,1,0,0,1,0,0,0,0
121,33,No,22,2,3,3,6146,15480,13,1,3,4,7,7,0,7,1,0,0,0,0,1,0,0,1,0,0,0,0,1,0,0,0,0,0,0,0,1,0,0,1,0,0,0
122,56,Yes,14,4,2,3,4963,4510,18,1,3,3,4,5,4,3,0,0,1,0,1,0,0,1,0,0,0,0,1,0,0,0,0,0,0,0,1,0,0,0,1,0,1,1
123,51,No,6,3,1,3,19537,6462,13,3,3,3,18,20,15,15,0,0,1,0,1,0,0,1,0,0,0,0,0,1,0,0,0,0,0,1,0,0,0,0,0,1,0,0
124,31,Yes,6,4,2,1,6172,20739,18,2,3,2,7,7,7,7,0,0,1,0,0,1,0,1,0,0,0,0,0,1,0,0,0,0,0,0,0,1,0,0,1,0,1,1
125,26,No,6,3,3,2,2368,23300,19,3,3,2,4,5,4,3,0,0,1,0,1,0,0,0,0,0,1,0,1,0,0,0,0,0,0,0,1,0,0,0,1,0,0,0
126,58,Yes,23,4,4,3,10312,3465,12,4,3,2,10,40,15,6,0,0,1,0,1,0,0,0,0,1,0,0,1,0,1,0,0,0,0,0,0,0,0,0,1,0,0,1
127,19,Yes,22,1,4,3,1675,26820,19,4,3,2,0,0,0,0,0,0,1,0,0,1,0,0,1,0,0,0,0,1,0,0,0,0,0,0,0,0,1,0,0,1,1,1
128,22,No,2,1,3,3,2523,19299,14,3,3,3,1,2,2,1,0,0,1,0,1,0,0,0,0,0,0,1,0,1,0,0,1,0,0,0,0,0,0,0,1,0,0,0
129,49,No,20,4,3,3,6567,5549,14,3,3,2,11,15,5,11,0,0,1,0,1,0,0,0,0,1,0,0,1,0,0,0,0,0,1,0,0,0,0,0,1,0,0,0
130,43,No,28,3,2,4,4739,16090,12,4,3,3,2,3,1,2,0,1,0,0,1,0,0,0,0,1,0,0,1,0,0,0,0,0,0,0,1,0,0,0,0,1,0,0
131,50,No,12,3,3,3,9208,6645,11,4,3,3,2,2,2,1,0,1,0,0,0,1,0,0,1,0,0,0,1,0,0,0,0,0,0,0,0,1,0,0,0,1,0,0
132,31,Yes,20,3,2,1,4559,24788,11,3,3,3,2,2,2,2,0,0,1,0,0,1,0,1,0,0,0,0,1,0,0,0,0,0,0,0,0,1,0,0,1,0,1,1
133,41,No,9,1,3,3,8189,21196,13,3,3,3,7,9,0,7,0,0,1,0,0,1,0,1,0,0,0,0,0,1,0,0,0,0,0,0,0,1,0,1,0,0,1,0
134,26,No,25,1,3,3,2942,8916,23,4,4,3,7,8,5,7,0,0,1,1,0,0,0,1,0,0,0,0,1,0,0,1,0,0,0,0,0,0,0,0,1,0,0,0
135,36,No,6,2,2,3,4941,2819,20,4,4,3,2,3,0,1,0,0,1,0,1,0,0,0,0,1,0,0,0,1,0,0,0,0,1,0,0,0,0,1,0,0,0,0
136,51,Yes,8,4,1,1,10650,25150,15,4,3,3,2,4,0,3,0,1,0,0,1,0,0,1,0,0,0,0,0,1,0,0,0,0,1,0,0,0,0,0,0,1,0,1
137,39,No,4,4,4,2,5902,14590,14,3,3,4,11,15,5,9,0,0,1,0,0,1,0,1,0,0,0,0,1,0,0,0,0,0,0,0,0,1,0,0,1,0,0,0
138,25,No,28,3,1,2,8639,24835,18,4,3,3,2,2,2,2,0,0,1,0,0,1,0,1,0,0,0,0,0,1,0,0,0,0,0,0,0,1,0,0,1,0,0,0
139,30,No,9,3,3,3,6347,13982,19,4,3,1,9,11,4,7,0,0,1,1,0,0,1,0,0,0,0,0,0,1,0,1,0,0,0,0,0,0,0,0,1,0,1,0
140,32,Yes,9,3,1,3,4200,10224,22,1,4,4,4,5,0,4,0,0,1,0,1,0,0,0,0,1,0,0,1,0,0,0,1,0,0,0,0,0,0,0,0,1,0,1
141,45,No,29,3,3,3,3452,9752,13,2,3,2,5,6,0,3,0,0,1,0,1,0,0,0,0,1,0,0,0,1,0,0,0,0,0,0,1,0,0,0,0,1,0,0
142,38,No,3,5,4,3,4317,2302,20,2,4,3,2,3,2,2,0,0,1,0,1,0,0,0,0,0,0,1,1,0,0,0,0,0,0,0,1,0,0,0,0,1,1,0
143,30,No,18,3,1,3,2632,23910,14,3,3,2,4,5,0,4,0,0,1,0,1,0,0,1,0,0,0,0,1,0,0,0,0,0,0,0,1,0,0,0,0,1,0,0
144,32,No,9,2,4,1,4668,22812,17,4,3,4,7,8,0,7,0,1,0,0,0,1,0,0,0,1,0,0,0,1,0,0,0,0,0,0,0,1,0,1,0,0,0,0
145,30,No,5,3,4,3,3204,10415,14,4,3,3,2,3,2,2,0,0,1,0,1,0,0,0,0,0,0,1,1,0,0,0,0,0,0,0,1,0,0,1,0,0,0,0
146,30,No,2,1,2,2,2720,11162,13,4,3,3,3,5,1,2,0,0,1,0,1,0,0,0,0,1,0,0,0,1,0,0,1,0,0,0,0,0,0,0,0,1,0,0
147,41,No,10,3,4,2,17181,12888,13,2,3,2,6,7,7,7,0,1,0,0,1,0,0,1,0,0,0,0,0,1,0,0,0,1,0,0,0,0,0,1,0,0,0,0
148,41,No,9,4,3,3,2238,6961,21,4,4,3,0,5,1,4,0,0,1,0,1,0,0,1,0,0,0,0,0,1,0,0,1,0,0,0,0,0,0,0,1,0,0,0
149,19,No,3,1,2,3,1483,16102,14,4,3,3,0,1,0,0,0,0,1,0,1,0,0,0,0,1,0,0,1,0,0,0,1,0,0,0,0,0,0,0,0,1,0,0
150,40,No,26,3,2,3,5605,8504,11,1,3,3,7,20,2,13,0,1,0,0,1,0,0,0,0,1,0,0,1,0,0,0,0,0,0,0,1,0,0,1,0,0,0,0
151,35,No,1,5,3,3,7295,11439,13,1,3,3,8,10,0,6,0,0,1,0,0,1,0,0,1,0,0,0,0,1,0,0,0,0,0,0,0,1,0,0,1,0,0,0
152,53,No,6,2,2,3,2306,16047,20,4,4,1,7,7,4,5,0,0,1,0,0,1,0,0,1,0,0,0,0,1,0,0,0,0,0,0,0,0,1,0,1,0,1,0
153,45,No,9,3,2,3,2348,10901,18,3,3,1,9,17,0,15,0,0,1,0,1,0,0,1,0,0,0,0,0,1,0,0,1,0,0,0,0,0,0,1,0,0,0,0
154,32,No,8,3,2,3,8998,15589,14,4,3,3,8,9,3,7,0,1,0,0,0,1,0,0,1,0,0,0,1,0,0,0,0,0,0,0,0,1,0,0,0,1,0,0
155,29,No,1,1,4,3,4319,26283,13,1,3,3,7,10,0,9,1,0,0,0,1,0,0,0,0,0,0,1,0,1,0,0,0,0,1,0,0,0,0,0,1,0,0,0
156,51,No,7,4,2,2,6132,13983,17,3,3,3,0,1,0,0,0,0,1,0,1,0,0,0,0,1,0,0,0,1,0,0,0,0,1,0,0,0,0,0,1,0,0,0
157,58,No,9,3,2,2,3346,11873,20,2,4,2,0,1,0,0,0,0,1,0,1,0,0,0,0,1,0,0,1,0,0,0,0,0,0,0,1,0,0,0,1,0,1,0
158,40,No,4,4,3,2,10855,8552,11,1,3,2,11,12,2,11,0,0,1,0,0,1,0,0,1,0,0,0,0,1,0,0,0,0,0,0,0,1,0,0,1,0,0,0
159,34,No,2,4,3,3,2231,11314,18,4,3,3,3,4,1,2,0,1,0,0,0,1,0,0,1,0,0,0,1,0,0,0,0,0,0,0,0,0,1,0,1,0,0,0
160,22,No,19,1,3,3,2323,11992,24,1,4,3,2,2,2,2,0,0,1,0,1,0,0,0,0,1,0,0,0,1,0,0,0,0,0,0,1,0,0,0,1,0,0,0
161,27,No,9,3,4,3,2024,5970,18,4,3,1,2,2,2,2,1,0,0,0,1,0,0,0,0,1,0,0,0,1,0,0,0,0,0,0,1,0,0,1,0,0,0,0
162,28,No,21,3,3,3,2713,6672,11,3,3,1,2,5,0,2,0,0,1,0,1,0,0,0,0,1,0,0,0,1,0,0,0,0,0,0,1,0,0,0,1,0,0,0
163,57,No,24,2,3,4,9439,23402,16,2,3,1,3,5,1,4,0,0,1,0,1,0,0,1,0,0,0,0,0,1,1,0,0,0,0,0,0,0,0,1,0,0,1,0
164,27,No,3,3,3,2,2566,25326,15,4,3,2,1,1,0,1,1,0,0,0,1,0,0,0,0,1,0,0,0,1,0,0,0,0,0,0,1,0,0,1,0,0,1,0
165,50,No,11,3,3,3,19926,17053,15,2,3,3,4,5,4,4,0,0,1,0,1,0,0,1,0,0,0,0,1,0,0,0,0,1,0,0,0,0,0,0,0,1,0,0
166,41,No,14,3,1,3,2451,4609,12,1,3,3,8,9,1,8,0,0,1,0,1,0,0,1,0,0,0,0,0,1,0,0,0,0,0,0,1,0,0,1,0,0,0,0
167,30,No,5,3,2,3,9419,8053,12,3,3,3,9,10,7,4,0,0,1,0,0,1,0,1,0,0,0,0,1,0,0,0,0,0,0,0,0,1,0,0,1,0,0,0
168,38,No,1,4,1,2,8686,12930,22,3,4,4,3,8,0,7,0,0,1,0,0,1,0,1,0,0,0,0,1,0,0,0,0,0,0,0,0,1,0,0,0,1,0,0
169,32,No,6,5,3,3,3038,12430,20,1,4,3,4,5,1,4,0,0,1,0,1,0,0,1,0,0,0,0,0,1,0,0,0,0,0,0,1,0,0,0,0,1,0,0
170,27,No,17,3,3,3,3058,13364,16,4,3,2,2,5,1,1,0,0,1,0,1,0,0,0,0,0,0,1,0,1,0,0,0,0,0,0,1,0,0,0,1,0,1,0
171,19,Yes,1,1,3,1,2325,20989,21,1,4,4,0,0,0,0,0,1,0,0,0,1,0,0,0,0,0,1,1,0,0,0,0,0,0,0,0,0,1,0,0,1,0,1
172,36,No,3,2,4,3,2088,15062,12,3,3,2,7,8,7,2,0,1,0,0,1,0,0,0,0,1,0,0,0,1,0,0,1,0,0,0,0,0,0,0,0,1,0,0
173,30,No,9,3,3,3,3072,11012,11,3,3,3,9,12,6,10,1,0,0,0,1,0,0,0,0,1,0,0,0,1,0,0,1,0,0,0,0,0,0,1,0,0,0,0
174,45,No,4,2,3,3,5006,6319,11,1,3,4,4,5,0,3,0,0,1,0,0,1,0,1,0,0,0,0,1,0,0,0,0,0,0,0,0,1,0,1,0,0,1,0
175,56,No,8,3,3,3,4257,13939,18,3,3,3,2,2,2,2,0,0,1,0,1,0,0,1,0,0,0,0,1,0,0,0,0,0,0,0,1,0,0,1,0,0,1,0
176,33,No,2,3,3,3,2500,10515,14,1,3,4,1,3,0,2,0,0,1,0,1,0,0,1,0,0,0,0,0,1,0,0,0,0,0,0,1,0,0,0,0,1,0,0
177,19,Yes,2,3,2,2,1102,9241,22,3,4,2,0,1,1,0,0,0,1,0,1,0,0,1,0,0,0,0,0,1,0,0,1,0,0,0,0,0,0,0,0,1,0,1
178,46,No,1,2,2,3,10453,2137,25,3,4,3,13,24,15,7,0,0,1,0,0,1,0,0,1,0,0,0,1,0,0,0,0,0,0,0,0,1,0,1,0,0,0,0
179,38,No,9,2,3,3,2288,6319,12,3,3,3,2,2,2,1,0,0,1,0,1,0,0,1,0,0,0,0,1,0,0,0,1,0,0,0,0,0,0,0,0,1,0,0
180,31,No,12,1,3,3,3929,6984,23,3,4,3,2,4,0,2,0,0,1,0,1,0,0,0,0,1,0,0,1,0,0,0,0,0,0,0,1,0,0,0,1,0,1,0
181,34,No,27,2,4,3,2311,5711,15,4,3,3,2,3,1,2,0,0,1,0,1,0,0,0,0,1,0,0,1,0,0,0,0,0,0,0,1,0,0,0,0,1,0,0
182,41,Yes,20,2,2,3,3140,21728,22,4,4,2,3,4,0,2,0,0,1,0,0,1,0,0,1,0,0,0,1,0,0,0,0,0,0,0,0,0,1,0,0,1,1,1
183,50,No,1,3,3,2,3690,3425,15,4,3,2,2,3,0,2,0,0,1,0,1,0,0,0,0,1,0,0,0,1,0,0,1,0,0,0,0,0,0,0,1,0,0,0
184,53,No,13,2,4,4,4450,26250,11,3,3,3,2,4,1,3,0,0,1,0,1,0,0,0,0,1,0,0,1,0,0,0,0,0,1,0,0,0,0,1,0,0,0,0
185,33,No,14,3,4,3,2756,4673,13,4,3,3,7,8,1,6,0,0,1,0,1,0,0,0,0,1,0,0,1,0,0,0,0,0,0,0,1,0,0,0,1,0,0,0
186,40,No,4,1,4,3,19033,6499,14,2,3,3,8,20,9,9,0,0,1,0,1,0,0,0,0,1,0,0,1,0,0,0,0,1,0,0,0,0,0,0,1,0,0,0
187,55,No,14,4,3,4,18722,13339,11,4,3,3,15,24,2,15,0,0,1,0,1,0,0,0,0,1,0,0,0,1,0,0,0,0,0,1,0,0,0,0,0,1,0,0
188,34,No,2,1,4,2,9547,14074,17,3,3,2,9,10,1,9,0,1,0,0,1,0,0,1,0,0,0,0,0,1,0,0,0,0,1,0,0,0,0,0,1,0,0,0
189,51,No,3,3,4,3,13734,7192,18,3,3,3,7,7,1,0,0,0,1,0,1,0,0,0,0,1,0,0,1,0,1,0,0,0,0,0,0,0,0,0,0,1,0,0
190,52,No,1,4,3,2,19999,5678,14,1,3,3,18,33,11,9,0,0,1,0,1,0,0,1,0,0,0,0,0,1,0,0,0,1,0,0,0,0,0,0,1,0,0,0
191,27,No,9,3,4,3,2279,11781,16,4,3,2,7,7,0,3,0,0,1,0,1,0,0,0,0,1,0,0,1,0,0,0,0,0,0,0,1,0,0,0,0,1,0,0
192,35,Yes,23,2,2,2,5916,15497,13,1,3,3,0,1,0,1,0,0,1,0,1,0,0,1,0,0,0,0,0,1,0,0,0,0,1,0,0,0,0,0,1,0,1,1
193,43,No,7,3,4,4,2089,5228,14,4,3,4,4,5,2,2,1,0,0,0,1,0,0,0,0,1,0,0,0,1,0,0,0,0,0,0,1,0,0,1,0,0,0,0
194,45,No,2,2,1,2,16792,20462,23,4,4,3,8,20,11,8,1,0,0,0,1,0,0,0,0,1,0,0,0,1,0,0,0,1,0,0,0,0,0,0,1,0,0,0
195,37,No,21,3,2,4,3564,22977,12,1,3,2,7,8,1,7,0,0,1,0,1,0,0,1,0,0,0,0,0,1,0,0,0,0,0,0,1,0,0,0,1,0,1,0
196,35,No,2,3,2,3,4425,15986,11,4,3,3,2,6,1,2,0,1,0,0,1,0,0,0,0,1,0,0,1,0,0,0,1,0,0,0,0,0,0,0,0,1,0,0
197,42,No,21,2,3,3,5265,16439,16,2,3,3,3,5,0,2,1,0,0,0,1,0,0,0,0,1,0,0,1,0,0,0,0,0,1,0,0,0,0,1,0,0,0,0
198,38,No,2,4,4,3,6553,7259,14,2,3,3,0,1,0,0,0,0,1,0,1,0,0,1,0,0,0,0,0,1,0,0,0,0,1,0,0,0,0,0,1,0,0,0
199,38,No,29,3,4,3,6261,4185,18,1,3,1,7,7,1,7,0,0,1,0,1,0,0,0,0,0,0,1,0,1,0,0,0,0,1,0,0,0,0,0,1,0,0,0
200,27,No,1,1,3,2,4298,9679,19,3,3,3,2,2,2,0,0,1,0,0,1,0,0,0,0,0,0,1,0,1,0,0,0,0,1,0,0,0,0,0,1,0,0,0
201,49,No,18,4,4,3,6804,23793,15,1,3,3,7,7,1,7,1,0,0,0,1,0,0,1,0,0,0,0,0,1,0,0,0,0,1,0,0,0,0,1,0,0,1,0
202,34,No,10,4,4,3,3815,5972,17,4,3,4,3,5,2,0,0,1,0,0,1,0,0,0,0,1,0,0,0,1,0,0,0,0,0,0,1,0,0,1,0,0,1,0
203,40,No,19,2,3,3,2741,16523,15,3,3,4,2,7,3,7,0,0,1,0,1,0,0,0,0,1,0,0,0,1,0,0,1,0,0,0,0,0,0,0,1,0,1,0
204,38,Yes,29,1,2,3,6673,11354,19,2,3,3,0,1,0,0,0,0,1,0,1,0,0,0,0,1,0,0,0,1,1,0,0,0,0,0,0,0,0,0,1,0,1,1
205,29,Yes,27,3,2,3,7639,24525,22,4,4,2,4,10,1,9,0,0,1,0,0,1,0,0,1,0,0,0,1,0,0,0,0,0,0,0,0,1,0,0,1,0,0,1
206,22,No,5,3,4,4,2328,12392,16,1,3,2,2,4,2,2,0,0,1,0,1,0,0,1,0,0,0,0,0,1,0,0,0,0,0,0,1,0,0,1,0,0,1,0
207,36,No,18,1,2,3,2153,7703,13,1,3,3,1,8,1,7,0,1,0,0,1,0,0,0,0,1,0,0,1,0,0,0,1,0,0,0,0,0,0,0,0,1,0,0
208,40,No,9,5,4,2,4876,14242,14,4,3,1,2,3,0,2,1,0,0,0,1,0,0,1,0,0,0,0,0,1,1,0,0,0,0,0,0,0,0,0,1,0,0,0
209,46,No,1,4,4,3,9396,12368,16,3,3,3,2,4,0,3,0,0,1,0,1,0,0,0,0,1,0,0,0,1,1,0,0,0,0,0,0,0,0,1,0,0,0,0
210,32,Yes,4,4,4,1,10400,25812,11,3,3,2,8,14,9,8,0,0,1,0,0,1,0,0,0,1,0,0,0,1,0,0,0,0,0,0,0,1,0,0,1,0,0,1
211,30,No,1,1,3,2,8474,20925,22,3,4,3,8,11,5,8,1,0,0,0,1,0,0,1,0,0,0,0,0,1,0,0,0,0,1,0,0,0,0,0,0,1,0,0
212,27,No,20,3,4,3,9981,12916,14,4,3,3,7,7,0,7,0,1,0,0,0,1,0,1,0,0,0,0,1,0,0,0,0,0,0,0,0,1,0,0,0,1,0,0
213,51,No,8,4,2,2,12490,15736,16,4,3,1,9,10,4,7,0,0,1,0,1,0,0,1,0,0,0,0,0,1,0,0,0,0,0,1,0,0,0,0,1,0,0,0
214,30,Yes,3,3,4,3,2657,8556,11,3,3,3,2,5,0,4,0,0,1,0,1,0,0,0,0,0,0,1,1,0,0,0,0,0,0,0,1,0,0,0,0,1,1,1
215,41,No,6,3,4,3,13591,14674,18,3,3,3,0,1,0,0,0,0,1,0,0,1,0,1,0,0,0,0,1,0,0,0,0,1,0,0,0,0,0,0,0,1,1,0
216,30,Yes,26,4,3,2,6696,22967,15,3,3,2,3,6,0,1,0,1,0,0,0,1,0,0,1,0,0,0,1,0,0,0,0,0,0,0,0,1,0,0,0,1,0,1
217,29,Yes,1,3,3,3,2058,19757,14,4,3,2,2,6,1,5,0,0,1,0,1,0,0,0,0,0,0,1,0,1,0,0,0,0,0,0,1,0,0,0,0,1,0,1
218,45,No,6,3,4,2,8865,16840,12,4,3,3,7,19,12,8,1,0,0,0,0,1,0,0,0,1,0,0,1,0,0,0,0,0,0,0,0,1,0,0,0,1,0,0
219,54,No,3,3,4,3,5940,17011,14,4,3,3,2,6,0,5,0,0,1,0,0,1,0,0,1,0,0,0,1,0,0,0,0,0,0,0,0,1,0,0,1,0,0,0
220,36,No,5,2,4,3,5914,9945,16,4,3,4,11,13,3,7,0,0,1,0,1,0,0,1,0,0,0,0,0,1,0,0,1,0,0,0,0,0,0,0,0,1,0,0
221,33,No,4,4,3,2,2622,13248,21,4,4,3,2,3,1,1,0,0,1,0,1,0,0,0,0,1,0,0,1,0,0,0,0,0,0,0,1,0,0,0,1,0,0,0
222,37,No,11,3,2,3,12185,10056,14,3,3,3,8,10,0,7,0,1,0,0,1,0,0,0,0,0,1,0,0,1,0,0,0,0,0,1,0,0,0,1,0,0,1,0
223,38,No,3,3,1,3,10609,9647,12,3,3,2,10,16,5,13,0,0,1,0,0,1,0,1,0,0,0,0,0,1,0,0,0,0,0,0,0,1,0,1,0,0,0,0
224,31,No,1,4,3,1,4345,4381,12,4,3,3,4,5,1,4,1,0,0,0,1,0,0,0,0,1,0,0,0,1,0,0,0,0,1,0,0,0,0,0,1,0,0,0
225,59,No,3,3,3,2,2177,8456,17,1,3,3,0,1,0,0,0,0,1,0,1,0,0,1,0,0,0,0,0,1,0,0,0,0,0,0,1,0,0,0,1,0,0,0
226,37,No,4,4,1,3,2793,2539,17,3,3,3,8,9,5,8,0,1,0,0,0,1,0,0,1,0,0,0,0,1,0,0,0,0,0,0,0,0,1,1,0,0,0,0
227,29,No,1,1,2,3,7918,6599,14,4,3,3,10,11,4,1,0,1,0,0,0,1,0,0,0,1,0,0,1,0,0,0,0,0,0,0,0,1,0,0,1,0,0,0
228,35,No,1,3,3,3,8789,9096,14,1,3,4,7,10,0,8,0,1,0,0,0,1,0,0,1,0,0,0,1,0,0,0,0,0,0,0,0,1,0,0,0,1,0,0
229,29,Yes,18,1,3,2,2389,14961,13,3,3,2,3,4,0,1,0,0,1,0,1,0,0,0,0,1,0,0,0,1,0,0,0,0,0,0,1,0,0,0,0,1,1,1
230,52,No,2,3,3,2,3212,3300,15,2,3,2,2,2,2,2,0,0,1,0,1,0,0,1,0,0,0,0,1,0,0,0,1,0,0,0,0,0,0,0,0,1,0,0
231,42,No,4,2,3,3,19232,4933,11,4,3,3,17,22,11,15,0,0,1,0,1,0,0,0,0,0,0,1,0,1,0,0,0,1,0,0,0,0,0,0,1,0,0,0
232,59,No,6,2,2,3,2267,25657,17,4,3,2,2,2,2,2,0,0,1,1,0,0,0,0,0,1,0,0,0,1,0,1,0,0,0,0,0,0,0,0,1,0,0,0
233,50,No,1,4,4,3,19517,24118,11,3,3,2,0,7,0,6,0,0,1,0,0,1,0,0,0,1,0,0,1,0,0,0,0,1,0,0,0,0,0,1,0,0,0,0
234,33,Yes,14,3,3,3,2436,22149,13,3,3,1,4,5,0,4,0,0,1,0,1,0,0,0,0,1,0,0,0,1,0,0,1,0,0,0,0,0,0,0,1,0,1,1
235,43,No,16,3,4,3,16064,7744,22,3,4,3,13,17,1,9,0,0,1,0,0,1,0,0,1,0,0,0,1,0,0,0,0,1,0,0,0,0,0,0,1,0,1,0
236,33,Yes,2,2,1,3,2707,21509,20,1,4,4,7,9,1,7,0,0,1,0,1,0,0,1,0,0,0,0,1,0,0,0,1,0,0,0,0,0,0,0,1,0,0,1
237,52,No,2,4,1,2,19068,21030,18,4,3,4,7,33,15,12,1,0,0,0,0,1,0,1,0,0,0,0,0,1,0,0,0,1,0,0,0,0,0,0,0,1,1,0
238,32,No,4,2,3,3,3931,20990,11,1,3,3,3,4,1,2,0,0,1,0,0,1,0,1,0,0,0,0,1,0,0,0,0,0,0,0,0,0,1,0,1,0,0,0
239,32,Yes,1,3,4,2,3730,9571,14,4,3,1,2,3,1,2,0,0,1,0,1,0,0,1,0,0,0,0,0,1,0,0,1,0,0,0,0,0,0,0,0,1,1,1
240,39,No,1,4,3,3,2232,15417,14,3,3,3,2,3,1,2,0,0,1,0,1,0,0,0,0,1,0,0,1,0,0,0,1,0,0,0,0,0,0,1,0,0,0,0
241,32,No,26,4,3,3,4465,12069,18,1,3,3,2,3,2,2,1,0,0,0,0,1,0,0,1,0,0,0,0,1,0,0,0,0,0,0,0,1,0,0,1,0,0,0
242,41,No,19,2,3,3,3072,19877,16,1,3,2,0,1,0,0,0,0,1,0,1,0,0,1,0,0,0,0,0,1,0,0,0,0,0,0,1,0,0,1,0,0,0,0
243,40,No,24,2,1,3,3319,24447,17,1,3,3,8,9,4,7,0,0,1,0,1,0,0,0,0,0,0,1,0,1,0,0,0,0,0,0,1,0,0,1,0,0,0,0
244,45,No,1,3,3,4,19202,15970,11,3,3,3,0,24,1,7,0,0,1,0,1,0,0,0,0,0,1,0,0,1,0,0,0,1,0,0,0,0,0,0,1,0,0,0
245,31,No,3,4,2,3,13675,13523,12,1,3,3,2,2,2,2,0,1,0,0,1,0,0,0,0,1,0,0,0,1,0,0,0,0,0,1,0,0,0,1,0,0,0,0
246,33,No,5,4,3,2,2911,14776,13,3,3,2,2,2,0,2,0,0,1,0,1,0,0,1,0,0,0,0,1,0,0,0,0,0,0,0,1,0,0,0,1,0,0,0
247,34,No,2,4,4,2,5957,23687,13,2,3,3,9,11,5,9,0,0,1,0,1,0,0,1,0,0,0,0,0,1,0,0,0,0,1,0,0,0,0,0,1,0,0,0
248,37,No,1,2,3,2,3920,18697,14,1,3,2,1,3,0,2,0,0,1,0,1,0,0,0,0,1,0,0,1,0,0,0,0,0,0,0,1,0,0,0,1,0,0,0
249,45,No,7,4,1,4,6434,5118,17,4,3,3,2,3,0,2,0,1,0,0,1,0,0,1,0,0,0,0,0,1,0,0,0,0,1,0,0,0,0,0,1,0,0,0
250,37,Yes,10,3,1,3,10048,22573,11,2,3,3,0,1,0,0,0,1,0,0,1,0,0,0,0,1,0,0,0,1,0,0,0,0,1,0,0,0,0,1,0,0,0,1
251,39,No,2,4,3,3,10938,6420,25,4,4,3,6,19,11,8,0,1,0,0,1,0,0,0,0,0,0,1,1,0,1,0,0,0,0,0,0,0,0,0,0,1,0,0
252,29,No,15,3,3,3,2340,22673,19,1,3,3,5,6,1,5,0,0,1,0,1,0,0,1,0,0,0,0,0,1,0,0,0,0,0,0,1,0,0,0,0,1,0,0
253,42,No,17,2,4,4,6545,23016,13,3,3,3,2,3,0,2,0,0,1,0,1,0,0,1,0,0,0,0,1,0,0,0,0,0,0,0,1,0,0,0,0,1,1,0
254,29,No,20,2,4,3,6931,10732,14,4,3,3,2,3,0,2,0,0,1,0,0,1,0,0,1,0,0,0,0,1,0,0,0,0,0,0,0,1,0,1,0,0,0,0
255,25,No,1,3,1,3,4898,7505,12,4,3,3,2,4,1,2,0,0,1,0,1,0,0,1,0,0,0,0,1,0,0,0,0,0,1,0,0,0,0,0,1,0,0,0
256,42,No,2,3,4,2,2593,8007,11,3,3,3,6,9,7,8,0,0,1,0,1,0,0,0,0,1,0,0,1,0,0,0,1,0,0,0,0,0,0,1,0,0,1,0
257,40,No,2,2,1,3,19436,5949,19,4,3,3,7,21,3,9,0,0,1,0,1,0,0,0,0,1,0,0,0,1,0,0,0,0,0,1,0,0,0,1,0,0,0,0
258,51,No,1,3,3,3,2723,23231,11,2,3,2,0,1,0,0,0,0,1,0,1,0,0,1,0,0,0,0,0,1,0,0,0,0,0,0,1,0,0,0,1,0,0,0
259,31,Yes,29,2,3,2,3479,11652,11,2,3,4,4,5,1,4,0,1,0,0,1,0,0,0,0,1,0,0,0,1,0,0,1,0,0,0,0,0,0,0,0,1,0,1
260,32,No,7,3,2,4,2794,26062,20,3,4,1,1,5,0,3,0,1,0,0,1,0,0,1,0,0,0,0,0,1,0,0,1,0,0,0,0,0,0,0,1,0,0,0
261,38,No,2,2,4,2,5249,19682,18,4,3,3,7,8,7,5,1,0,0,0,0,1,0,1,0,0,0,0,0,1,0,0,0,0,0,0,0,1,0,0,1,0,0,0
262,32,No,2,1,4,2,2176,19737,13,4,3,3,2,6,0,4,0,0,1,0,1,0,0,0,0,0,0,1,0,1,0,0,1,0,0,0,0,0,0,0,0,1,0,0
263,46,No,2,3,3,1,16872,14977,12,2,3,2,7,7,7,7,0,0,1,0,0,1,0,0,0,0,0,1,1,0,0,0,0,1,0,0,0,0,0,0,1,0,1,0
264,28,Yes,2,4,1,3,3485,14935,11,3,3,1,0,0,0,0,0,0,1,0,1,0,0,1,0,0,0,0,0,1,0,0,1,0,0,0,0,0,0,0,0,1,0,1
265,29,No,2,3,1,2,6644,3687,19,2,3,3,0,0,0,0,0,0,1,0,0,1,0,0,0,1,0,0,0,1,0,0,0,0,0,0,0,1,0,0,1,0,0,0
266,31,No,23,3,2,2,5582,14408,21,2,4,3,0,9,7,8,0,0,1,0,1,0,0,0,0,1,0,0,0,1,1,0,0,0,0,0,0,0,0,0,1,0,0,0
267,25,No,5,2,2,4,4000,18384,12,4,3,3,3,6,1,5,1,0,0,0,1,0,0,1,0,0,0,0,0,1,1,0,0,0,0,0,0,0,0,1,0,0,0,0
268,45,No,20,2,3,3,13496,7501,14,2,3,3,7,20,4,10,0,0,1,0,1,0,0,0,0,1,0,0,0,1,1,0,0,0,0,0,0,0,0,0,1,0,1,0
269,36,No,6,3,4,3,3210,20251,11,3,3,3,13,15,10,11,0,0,1,0,1,0,0,1,0,0,0,0,0,1,0,0,1,0,0,0,0,0,0,0,1,0,0,0
270,55,No,1,3,4,3,19045,18938,14,3,3,3,10,36,4,13,0,0,1,0,1,0,0,0,0,1,0,0,0,1,0,0,0,1,0,0,0,0,0,0,0,1,1,0
271,47,Yes,29,4,1,3,11849,10268,12,4,3,2,7,10,9,9,1,0,0,0,1,0,0,1,0,0,0,0,0,1,0,0,0,1,0,0,0,0,0,0,1,0,1,1
272,28,No,9,3,4,3,2070,2613,23,4,4,2,2,5,0,4,0,0,1,0,1,0,0,0,0,1,0,0,0,1,0,0,0,0,0,0,1,0,0,0,1,0,0,0
273,37,No,6,4,3,3,6502,22825,14,2,3,4,4,5,0,1,0,0,1,0,0,1,0,0,0,1,0,0,0,1,0,0,0,0,0,0,0,1,0,0,1,0,0,0
274,21,No,3,2,4,2,3230,10531,17,1,3,4,2,3,1,0,0,0,1,0,1,0,0,0,0,1,0,0,0,1,0,0,0,0,0,0,1,0,0,0,0,1,0,0
275,37,No,1,4,1,3,13603,11677,18,1,3,3,2,5,0,2,1,0,0,0,1,0,0,0,0,1,0,0,1,0,0,0,0,0,0,1,0,0,0,1,0,0,1,0
276,35,No,22,3,2,4,11996,19100,18,2,3,2,7,7,6,2,0,0,1,0,1,0,0,1,0,0,0,0,1,0,0,0,0,1,0,0,0,0,0,1,0,0,0,0
277,38,No,7,2,1,4,5605,19191,24,3,4,3,0,8,7,7,0,0,1,0,0,1,0,0,0,1,0,0,1,0,0,0,0,0,0,0,0,1,0,1,0,0,1,0
278,26,No,1,3,3,3,6397,26767,20,1,4,1,5,6,1,4,0,1,0,0,1,0,0,1,0,0,0,0,1,0,0,0,0,0,1,0,0,0,0,1,0,0,0,0
279,50,No,4,1,1,3,19144,15815,14,1,3,2,4,10,1,6,0,0,1,0,1,0,0,1,0,0,0,0,0,1,0,0,0,0,0,1,0,0,0,1,0,0,0,0
280,53,No,3,4,3,3,17584,21016,16,4,3,2,3,5,1,3,0,0,1,0,1,0,0,0,0,1,0,0,0,1,0,0,0,0,0,1,0,0,0,0,1,0,1,0
281,42,No,1,1,2,3,4907,24532,25,3,4,3,16,20,11,6,0,0,1,0,0,1,0,1,0,0,0,0,0,1,0,0,0,0,0,0,0,1,0,0,1,0,0,0
282,29,No,2,2,2,3,4554,20260,18,1,3,2,7,10,0,9,0,1,0,0,0,1,0,1,0,0,0,0,0,1,0,0,0,0,0,0,0,1,0,0,0,1,0,0
283,55,No,20,2,2,3,5415,15972,19,4,3,3,7,10,0,8,0,0,1,0,1,0,0,0,0,0,0,1,0,1,0,0,1,0,0,0,0,0,0,0,1,0,1,0
284,26,No,11,2,1,3,4741,22722,13,3,3,3,3,5,3,3,0,1,0,0,1,0,0,0,0,1,0,0,0,1,1,0,0,0,0,0,0,0,0,0,1,0,1,0
285,37,No,1,3,4,3,2115,15881,12,2,3,3,12,17,5,7,0,0,1,0,1,0,0,1,0,0,0,0,1,0,0,0,0,0,0,0,1,0,0,0,0,1,0,0
286,44,Yes,24,3,4,3,3161,19920,22,4,4,1,0,1,0,0,0,1,0,0,1,0,0,1,0,0,0,0,0,1,0,0,1,0,0,0,0,0,0,1,0,0,1,1
287,38,No,23,4,4,3,5745,18899,14,2,3,3,2,2,1,2,0,0,1,0,1,0,0,1,0,0,0,0,0,1,1,0,0,0,0,0,0,0,0,1,0,0,0,0
288,26,Yes,16,4,1,3,2373,14180,13,4,3,3,2,3,0,2,0,0,1,0,1,0,0,0,0,1,0,0,0,1,0,0,1,0,0,0,0,0,0,1,0,0,1,1
289,28,No,8,2,4,3,3310,4488,21,4,4,3,3,5,0,2,0,0,1,0,1,0,0,1,0,0,0,0,1,0,0,0,0,0,0,0,1,0,0,0,0,1,0,0
290,49,No,10,4,3,3,18665,25594,11,4,3,3,2,3,1,2,0,1,0,0,1,0,0,1,0,0,0,0,1,0,0,0,0,0,0,1,0,0,0,0,0,1,1,0
291,36,No,3,3,3,3,4485,26285,12,4,3,3,0,8,7,7,0,0,1,0,1,0,0,0,0,0,0,1,0,1,0,0,0,0,0,0,1,0,0,0,0,1,0,0
292,31,No,5,3,4,3,2789,3909,11,3,3,2,2,2,2,2,0,1,0,0,0,1,0,0,1,0,0,0,1,0,0,0,0,0,0,0,0,0,1,1,0,0,0,0
293,26,Yes,4,4,4,2,5828,8450,12,2,3,3,7,8,7,4,0,0,1,0,0,1,0,0,1,0,0,0,0,1,0,0,0,0,0,0,0,1,0,0,0,1,1,1
294,37,No,9,3,2,3,2326,11411,12,3,3,2,2,4,1,2,0,1,0,0,1,0,0,0,0,1,0,0,0,1,0,0,0,0,0,0,1,0,0,0,1,0,1,0
295,42,No,26,3,3,3,13525,14864,14,4,3,4,4,20,4,8,0,1,0,0,0,1,0,0,1,0,0,0,1,0,0,0,0,0,0,0,0,1,0,0,1,0,0,0
296,18,Yes,3,3,3,3,1420,25233,13,3,3,3,0,0,0,0,0,0,1,0,1,0,0,1,0,0,0,0,0,1,0,0,1,0,0,0,0,0,0,0,0,1,0,1
297,35,No,16,3,3,3,8020,5100,15,3,3,2,9,11,6,9,0,0,1,0,0,1,0,0,1,0,0,0,0,1,0,0,0,0,0,0,0,1,0,0,1,0,0,0
298,36,No,18,4,3,4,3688,7122,18,4,3,3,0,1,0,0,0,1,0,0,1,0,0,1,0,0,0,0,0,1,0,0,1,0,0,0,0,0,0,0,1,0,0,0
299,51,No,2,3,4,1,5482,16321,18,4,3,3,1,4,1,2,0,0,1,0,1,0,0,0,0,1,0,0,0,1,0,0,0,0,1,0,0,0,0,1,0,0,0,0
300,41,No,2,4,4,3,16015,15896,19,2,3,3,10,22,0,4,0,0,1,0,0,1,0,1,0,0,0,0,0,1,0,0,0,1,0,0,0,0,0,0,0,1,0,0
301,18,No,10,3,4,2,1200,9724,12,1,3,3,0,0,0,0,0,0,1,0,0,1,0,0,0,1,0,0,1,0,0,0,0,0,0,0,0,0,1,0,0,1,0,0
302,28,No,16,2,2,4,5661,4824,19,3,3,3,3,8,0,7,0,0,1,0,1,0,0,0,0,1,0,0,0,1,1,0,0,0,0,0,0,0,0,0,0,1,0,0
303,31,No,7,3,2,4,6929,12241,11,2,3,2,7,8,7,7,0,0,1,0,0,1,0,0,0,0,0,1,0,1,0,0,0,0,0,0,0,1,0,0,1,0,0,0
304,39,No,1,3,3,4,9613,10942,17,1,3,2,10,18,3,7,0,0,1,0,1,0,0,0,0,1,0,0,0,1,1,0,0,0,0,0,0,0,0,1,0,0,0,0
305,36,No,24,4,2,3,5674,6927,15,3,3,3,8,9,0,8,1,0,0,0,1,0,0,1,0,0,0,0,1,0,0,0,1,0,0,0,0,0,0,0,1,0,0,0
306,32,No,7,3,4,2,5484,16985,14,3,3,2,8,13,4,8,0,0,1,0,0,1,0,1,0,0,0,0,0,1,0,0,0,0,0,0,0,1,0,0,1,0,0,0
307,38,No,25,2,1,2,12061,26707,17,3,3,3,8,10,0,1,0,0,1,0,1,0,0,1,0,0,0,0,1,0,0,0,0,0,0,1,0,0,0,0,1,0,0,0
308,58,No,1,4,4,1,5660,17056,13,4,3,3,3,5,1,2,1,0,0,0,1,0,0,1,0,0,0,0,0,1,1,0,0,0,0,0,0,0,0,1,0,0,1,0
309,31,No,5,4,3,3,4821,10077,12,3,3,3,2,5,0,3,0,0,1,0,1,0,0,0,0,0,0,1,0,1,0,0,0,0,0,0,1,0,0,0,1,0,1,0
310,31,No,2,3,1,2,6410,17822,12,4,3,3,2,2,1,0,0,0,1,1,0,0,1,0,0,0,0,0,0,1,0,1,0,0,0,0,0,0,0,0,1,0,0,0
311,45,No,7,3,1,3,5210,20308,18,1,3,3,9,24,9,11,0,1,0,0,1,0,0,1,0,0,0,0,0,1,0,0,1,0,0,0,0,0,0,1,0,0,0,0
312,31,No,2,4,3,3,2695,7747,18,2,3,1,2,2,2,2,0,0,1,0,1,0,0,1,0,0,0,0,0,1,0,0,0,0,0,0,1,0,0,1,0,0,1,0
313,33,No,5,4,4,3,11878,23364,11,2,3,3,6,10,8,8,0,1,0,0,1,0,0,1,0,0,0,0,1,0,0,0,0,1,0,0,0,0,0,0,1,0,0,0
314,39,No,10,1,3,3,17068,5355,14,4,3,3,9,21,11,10,0,0,1,0,1,0,0,0,0,1,0,0,0,1,0,0,0,1,0,0,0,0,0,0,1,0,1,0
315,43,No,10,4,3,3,2455,10675,19,1,3,3,7,8,1,7,0,1,0,0,1,0,0,1,0,0,0,0,1,0,0,0,1,0,0,0,0,0,0,0,0,1,0,0
316,49,No,1,2,3,2,13964,17810,12,4,3,3,1,7,0,7,0,0,1,0,1,0,0,0,0,0,0,1,1,0,1,0,0,0,0,0,0,0,0,0,0,1,1,0
317,52,Yes,8,4,3,2,4941,17747,15,1,3,2,2,8,7,7,0,0,1,0,1,0,0,0,0,1,0,0,0,1,0,0,0,0,0,0,1,0,0,0,1,0,0,1
318,27,No,5,3,3,3,2478,20938,12,2,3,2,3,4,1,2,0,0,1,0,1,0,0,1,0,0,0,0,1,0,0,0,0,0,0,0,1,0,0,0,0,1,1,0
319,32,No,8,2,3,2,5228,24624,11,4,3,3,12,13,11,9,0,0,1,0,0,1,0,0,0,0,0,1,1,0,0,0,0,0,0,0,0,1,0,0,1,0,1,0
320,27,No,2,3,4,3,4478,5242,11,1,3,3,4,5,0,4,0,0,1,0,0,1,0,1,0,0,0,0,0,1,0,0,0,0,0,0,0,1,0,0,0,1,1,0
321,31,No,7,3,4,3,7547,7143,12,4,3,3,7,7,1,7,0,0,1,0,0,1,0,0,1,0,0,0,0,1,0,0,0,0,0,0,0,1,0,1,0,0,0,0
322,32,No,2,4,1,4,5055,10557,16,3,3,2,7,7,0,7,0,0,1,0,1,0,0,0,0,1,0,0,1,0,0,0,0,0,0,0,1,0,0,0,0,1,0,0
323,28,Yes,2,4,1,1,3464,24737,13,4,3,2,2,3,2,2,0,0,1,0,1,0,0,0,0,1,0,0,0,1,0,0,0,0,0,0,1,0,0,0,1,0,1,1
324,30,No,28,2,4,3,5775,11934,13,4,3,3,8,10,1,9,0,0,1,0,1,0,0,0,0,1,0,0,1,0,0,0,0,0,0,0,1,0,0,0,1,0,0,0
325,31,No,7,2,3,2,8943,14034,24,1,4,3,9,10,8,9,0,1,0,0,1,0,0,1,0,0,0,0,1,0,0,0,0,0,1,0,0,0,0,0,1,0,0,0
326,39,No,7,2,3,2,19272,21141,15,1,3,3,9,21,13,3,0,1,0,0,1,0,0,0,0,1,0,0,0,1,0,0,0,1,0,0,0,0,0,0,1,0,0,0
327,39,Yes,3,2,4,3,5238,17778,18,1,3,2,0,1,0,0,0,0,1,0,0,1,0,0,0,1,0,0,1,0,0,0,0,0,0,0,0,1,0,0,1,0,1,1
328,33,No,10,3,2,2,4682,4317,14,3,3,2,7,7,0,1,0,1,0,0,0,1,0,0,1,0,0,0,0,1,0,0,0,0,0,0,0,1,0,0,0,1,0,0
329,47,No,5,5,4,3,18300,16375,11,2,3,3,2,3,1,1,0,0,1,0,1,0,0,1,0,0,0,0,0,1,0,0,0,0,0,1,0,0,0,0,1,0,0,0
330,43,No,10,4,3,2,5257,6227,11,2,3,4,7,9,0,0,0,1,0,0,1,0,0,1,0,0,0,0,1,0,0,0,1,0,0,0,0,0,0,1,0,0,0,0
331,27,No,1,1,3,3,6349,22107,13,4,3,3,4,5,1,4,1,0,0,0,0,1,0,0,1,0,0,0,0,1,0,0,0,0,0,0,0,1,0,0,1,0,1,0
332,54,No,20,4,4,3,4869,16885,12,4,3,2,3,4,0,3,0,1,0,0,1,0,0,1,0,0,0,0,1,0,0,0,0,0,0,0,1,0,0,0,0,1,0,0
333,43,No,7,3,3,3,9985,9262,16,1,3,2,0,1,0,0,0,0,1,0,1,0,0,1,0,0,0,0,1,0,1,0,0,0,0,0,0,0,0,0,1,0,0,0
334,45,No,8,4,4,3,3697,9278,14,1,3,3,9,10,9,8,0,0,1,0,1,0,0,0,0,0,1,0,0,1,0,0,0,0,0,0,1,0,0,0,1,0,0,0
335,40,No,1,2,2,1,7457,13273,22,3,4,2,3,4,0,2,0,0,1,0,0,1,0,0,0,1,0,0,0,1,0,0,0,0,0,0,0,1,0,0,1,0,1,0
336,29,Yes,8,4,2,1,2119,4759,11,4,3,2,7,7,0,7,0,0,1,0,1,0,0,0,0,0,1,0,0,1,0,0,1,0,0,0,0,0,0,0,1,0,1,1
337,29,No,9,5,2,2,3983,7621,17,3,3,3,2,3,2,2,0,0,1,0,1,0,0,0,0,0,1,0,0,1,0,0,1,0,0,0,0,0,0,0,0,1,0,0
338,30,No,5,3,4,2,6118,5431,13,3,3,3,9,10,1,2,0,0,1,0,0,1,0,0,1,0,0,0,1,0,0,0,0,0,0,0,0,1,0,1,0,0,0,0
339,27,No,8,4,2,3,6214,3415,18,1,3,3,7,8,0,7,0,0,1,0,0,1,0,0,1,0,0,0,1,0,0,0,0,0,0,0,0,1,0,0,1,0,0,0
340,37,No,5,2,4,3,6347,23177,16,3,3,2,2,6,0,4,0,0,1,0,1,0,0,0,0,1,0,0,0,1,0,0,0,0,1,0,0,0,0,1,0,0,0,0
341,38,No,15,2,3,2,11510,15682,14,2,3,3,10,11,2,9,0,0,1,0,1,0,0,1,0,0,0,0,0,1,0,0,0,0,0,1,0,0,0,1,0,0,1,0
342,31,No,7,4,3,3,7143,25713,14,3,3,2,9,11,4,10,0,0,1,0,1,0,0,0,0,1,0,0,1,0,0,0,0,0,1,0,0,0,0,0,0,1,1,0
343,29,No,10,1,4,2,8268,11866,14,1,3,3,7,7,1,7,0,0,1,0,0,1,0,0,1,0,0,0,1,0,0,0,0,0,0,0,0,1,0,1,0,0,1,0
344,35,No,5,4,3,3,8095,18264,13,4,3,3,6,16,0,13,0,0,1,0,1,0,0,0,0,0,0,1,0,1,0,0,0,0,1,0,0,0,0,0,0,1,0,0
345,23,No,26,1,3,3,2904,16092,12,3,3,2,2,4,0,2,0,0,1,0,1,0,0,1,0,0,0,0,0,1,0,0,0,0,0,0,1,0,0,1,0,0,0,0
346,41,No,6,3,4,2,6032,10110,15,4,3,3,4,5,1,2,0,0,1,0,1,0,0,0,0,1,0,0,0,1,0,0,0,0,1,0,0,0,0,0,0,1,1,0
347,47,No,4,1,2,3,2976,25751,19,1,3,3,0,0,0,0,0,1,0,0,0,1,0,0,0,1,0,0,0,1,0,0,0,0,0,0,0,0,1,0,0,1,0,0
348,42,No,23,5,1,3,15992,15901,14,2,3,3,0,1,0,0,0,0,1,0,1,0,0,1,0,0,0,0,1,0,0,0,0,0,0,1,0,0,0,0,0,1,0,0
349,29,No,2,3,4,3,4649,16928,14,1,3,2,3,4,0,2,1,0,0,0,0,1,0,1,0,0,0,0,0,1,0,0,0,0,0,0,0,1,0,0,1,0,0,0
350,42,No,2,1,3,3,2696,24017,11,3,3,3,2,3,1,0,0,0,1,1,0,0,0,0,0,0,0,1,0,1,0,1,0,0,0,0,0,0,0,1,0,0,1,0
351,32,No,2,3,3,3,2370,3956,13,3,3,3,0,8,0,7,0,0,1,0,1,0,0,0,0,1,0,0,1,0,0,0,1,0,0,0,0,0,0,0,1,0,0,0
352,48,No,29,1,1,3,12504,23978,21,2,4,1,0,0,0,0,0,0,1,0,0,1,0,0,0,1,0,0,1,0,0,0,0,1,0,0,0,0,0,0,1,0,0,0
353,37,No,6,3,3,4,5974,17001,13,1,3,3,7,7,6,7,0,0,1,0,1,0,0,0,0,1,0,0,0,1,0,0,0,0,0,0,1,0,0,1,0,0,1,0
354,30,No,25,2,4,3,4736,6069,12,2,3,4,2,2,2,2,1,0,0,0,0,1,0,0,0,0,0,1,1,0,0,0,0,0,0,0,0,1,0,0,1,0,1,0
355,26,No,1,3,3,3,5296,20156,17,2,3,3,7,8,7,7,0,0,1,0,0,1,0,1,0,0,0,0,0,1,0,0,0,0,0,0,0,1,0,0,1,0,0,0
356,42,No,2,4,1,2,6781,17078,23,2,4,3,0,1,0,0,0,0,1,0,1,0,0,0,0,0,1,0,0,1,1,0,0,0,0,0,0,0,0,0,0,1,0,0
357,21,Yes,1,1,1,2,2174,9150,11,3,3,3,2,3,1,2,0,1,0,0,0,1,0,0,0,0,0,1,1,0,0,0,0,0,0,0,0,0,1,0,0,1,1,1
358,36,No,1,5,4,3,6653,15276,15,2,3,3,0,1,0,0,1,0,0,0,0,1,0,0,0,1,0,0,1,0,0,0,0,0,0,0,0,1,0,0,0,1,0,0
359,36,No,3,4,1,2,9699,7246,11,1,3,3,9,13,1,12,0,1,0,0,0,1,0,0,0,1,0,0,0,1,0,0,0,0,0,0,0,1,0,0,1,0,0,0
360,57,No,1,4,4,3,6755,2967,11,3,3,3,2,3,1,2,0,0,1,0,1,0,0,0,0,1,0,0,0,1,1,0,0,0,0,0,0,0,0,0,1,0,0,0
361,40,No,10,4,4,4,2213,22495,13,3,3,3,7,7,1,7,0,0,1,0,1,0,0,1,0,0,0,0,1,0,0,0,1,0,0,0,0,0,0,0,1,0,1,0
362,21,No,9,2,1,3,2610,2851,24,3,4,2,2,3,2,2,1,0,0,0,0,1,0,0,0,1,0,0,0,1,0,0,0,0,0,0,0,0,1,0,0,1,0,0
363,33,Yes,5,3,4,3,2851,9150,13,2,3,3,0,1,0,0,0,0,1,0,0,1,0,0,1,0,0,0,1,0,0,0,0,0,0,0,0,0,1,0,0,1,1,1
364,37,No,10,3,3,3,3452,17663,20,2,4,3,4,5,0,3,0,0,1,0,1,0,0,0,0,1,0,0,1,0,0,0,1,0,0,0,0,0,0,0,1,0,0,0
365,46,No,7,4,3,3,5258,16044,14,3,3,4,0,1,0,0,1,0,0,0,1,0,0,0,0,1,0,0,1,0,0,0,0,0,1,0,0,0,0,0,1,0,0,0
366,41,Yes,4,3,1,3,9355,9558,18,3,3,3,7,8,7,7,0,1,0,0,0,1,0,0,1,0,0,0,0,1,0,0,0,0,0,0,0,1,0,0,0,1,0,1
367,50,No,10,3,4,2,10496,2755,15,4,3,3,3,4,1,3,0,0,1,0,1,0,0,0,0,0,0,1,0,1,1,0,0,0,0,0,0,0,0,0,0,1,0,0
368,40,Yes,22,2,3,2,6380,6110,12,1,3,3,4,6,1,0,0,0,1,0,0,1,0,0,1,0,0,0,0,1,0,0,0,0,0,0,0,1,0,0,1,0,1,1
369,31,No,9,4,3,2,2657,7551,16,4,3,3,2,2,2,2,0,0,1,0,1,0,0,1,0,0,0,0,0,1,0,0,0,0,0,0,1,0,0,0,0,1,1,0
370,21,Yes,12,3,3,4,2716,25422,15,4,3,3,0,1,0,0,0,0,1,0,0,1,0,1,0,0,0,0,1,0,0,0,0,0,0,0,0,0,1,0,0,1,0,1
371,29,No,23,3,4,3,2201,18168,16,4,3,3,2,3,1,2,0,0,1,0,1,0,0,1,0,0,0,0,0,1,0,0,0,0,0,0,1,0,0,0,0,1,0,0
372,35,No,9,4,3,2,6540,19394,19,3,3,3,1,1,0,0,0,0,1,0,1,0,0,1,0,0,0,0,0,1,1,0,0,0,0,0,0,0,0,0,0,1,0,0
373,27,No,1,2,4,3,3816,17881,11,2,3,3,2,5,0,4,0,0,1,0,1,0,0,0,0,1,0,0,0,1,0,0,1,0,0,0,0,0,0,1,0,0,0,0
374,28,No,9,4,2,3,5253,20750,16,4,3,3,5,7,0,7,0,0,1,0,0,1,0,1,0,0,0,0,0,1,0,0,0,0,0,0,0,1,0,0,0,1,0,0
375,49,No,7,3,2,2,10965,12066,24,3,4,3,2,5,0,0,0,0,1,0,1,0,0,0,0,0,1,0,0,1,1,0,0,0,0,0,0,0,0,0,0,1,0,0
376,51,No,14,2,3,3,4936,14862,11,3,3,2,7,7,0,7,0,0,1,0,0,1,0,1,0,0,0,0,1,0,0,0,0,0,0,0,0,1,0,0,1,0,0,0
377,36,No,2,3,4,3,2543,11868,13,2,3,3,2,2,2,2,0,0,1,0,1,0,0,1,0,0,0,0,1,0,0,0,0,0,0,0,1,0,0,0,1,0,0,0
378,34,Yes,19,3,1,4,5304,4652,13,2,3,2,2,5,0,4,1,0,0,0,0,1,0,0,1,0,0,0,0,1,0,0,0,0,0,0,0,1,0,0,0,1,1,1
379,55,No,2,3,3,3,16659,23258,13,3,3,3,4,5,1,2,0,0,1,0,1,0,0,1,0,0,0,0,1,0,0,0,0,1,0,0,0,0,0,0,0,1,1,0
380,24,No,10,4,4,3,4260,5915,12,4,3,4,2,5,0,3,0,0,1,0,0,1,0,0,1,0,0,0,1,0,0,0,0,0,0,0,0,1,0,1,0,0,1,0
381,30,No,2,1,3,3,2476,17434,18,1,3,3,0,1,0,0,0,0,1,0,0,1,0,0,0,0,0,1,0,1,0,0,0,0,0,0,0,0,1,0,1,0,0,0
382,26,Yes,3,1,3,3,3102,6582,22,3,4,3,4,6,0,4,0,1,0,0,1,0,0,0,0,0,0,1,0,1,0,0,0,0,0,0,1,0,0,0,0,1,0,1
383,22,No,11,3,1,3,2244,24440,13,4,3,3,1,2,1,2,0,0,1,0,1,0,0,0,0,1,0,0,1,0,0,0,0,0,0,0,1,0,0,0,1,0,0,0
384,36,No,2,2,2,2,7596,3809,13,2,3,3,9,10,9,0,0,0,1,0,0,1,0,0,0,1,0,0,0,1,0,0,0,0,0,0,0,1,0,0,1,0,0,0
385,30,Yes,4,3,3,3,2285,3427,23,3,4,3,0,1,0,0,0,1,0,0,1,0,0,0,0,0,0,1,0,1,0,0,0,0,0,0,1,0,0,0,0,1,1,1
386,37,No,14,3,4,3,3034,26914,12,3,3,2,7,18,12,17,0,0,1,0,1,0,0,1,0,0,0,0,1,0,0,0,1,0,0,0,0,0,0,1,0,0,0,0
387,40,No,2,2,4,3,5715,22553,12,3,3,3,4,5,1,3,0,0,1,0,0,1,0,0,1,0,0,0,1,0,0,0,0,0,0,0,0,1,0,1,0,0,0,0
388,42,No,1,4,2,3,2576,20490,16,2,3,3,2,5,1,2,0,0,1,0,1,0,0,1,0,0,0,0,1,0,0,0,1,0,0,0,0,0,0,1,0,0,0,0
389,37,No,10,4,3,3,4197,21123,12,4,3,2,0,1,0,1,0,0,1,0,1,0,0,1,0,0,0,0,0,1,0,0,0,0,1,0,0,0,0,0,0,1,1,0
390,43,No,12,3,1,2,14336,4345,11,3,3,3,10,25,3,9,0,0,1,0,1,0,0,1,0,0,0,0,0,1,0,0,0,0,0,1,0,0,0,1,0,0,0,0
391,40,No,2,3,2,2,3448,13436,22,2,4,3,0,1,0,0,0,0,1,0,1,0,0,0,0,1,0,0,1,0,0,0,1,0,0,0,0,0,0,0,1,0,0,0
392,54,No,5,2,1,3,19406,8509,11,3,3,2,2,4,1,2,0,0,1,0,1,0,0,0,0,1,0,0,0,1,0,0,0,0,0,1,0,0,0,0,1,0,0,0
393,34,No,4,4,3,3,6538,12740,15,1,3,3,2,3,1,2,1,0,0,0,0,1,0,0,1,0,0,0,1,0,0,0,0,0,0,0,0,1,0,0,1,0,0,0
394,31,No,7,2,2,3,4306,4156,12,2,3,1,10,13,3,12,0,0,1,0,1,0,0,0,0,1,0,0,1,0,0,0,0,0,1,0,0,0,0,0,1,0,0,0
395,43,No,21,3,4,3,2258,15238,20,1,4,3,2,3,1,2,0,1,0,0,1,0,0,0,0,1,0,0,0,1,0,0,1,0,0,0,0,0,0,0,1,0,0,0
396,43,No,8,4,3,3,4522,2227,14,4,3,3,2,5,0,2,0,0,1,0,1,0,0,0,0,0,1,0,1,0,1,0,0,0,0,0,0,0,0,1,0,0,1,0
397,25,No,4,2,2,2,4487,12090,11,2,3,3,4,5,1,3,0,0,1,0,0,1,0,1,0,0,0,0,1,0,0,0,0,0,0,0,0,1,0,0,0,1,1,0
398,37,No,25,5,2,3,4449,23866,15,1,3,3,11,13,10,7,1,0,0,0,1,0,0,0,0,1,0,0,1,0,0,0,0,0,0,0,1,0,0,0,1,0,1,0
399,31,No,1,2,4,2,2218,16193,12,3,3,3,2,4,3,2,0,0,1,0,1,0,0,1,0,0,0,0,0,1,0,0,1,0,0,0,0,0,0,0,1,0,0,0
400,39,No,1,1,2,3,19197,8213,14,3,3,3,8,21,1,6,0,1,0,0,1,0,0,1,0,0,0,0,0,1,0,0,0,1,0,0,0,0,0,1,0,0,1,0
401,56,No,6,3,3,4,13212,18256,11,4,3,2,7,7,7,7,0,1,0,0,0,1,0,1,0,0,0,0,1,0,0,0,0,0,0,0,0,1,0,0,1,0,0,0
402,30,No,12,3,2,3,6577,19558,11,2,3,3,4,5,4,4,0,0,1,0,0,1,0,0,0,0,0,1,1,0,0,0,0,0,0,0,0,1,0,0,0,1,0,0
403,41,No,1,3,2,4,8392,19566,16,3,3,3,7,10,0,7,0,0,1,0,0,1,0,0,1,0,0,0,0,1,0,0,0,0,0,0,0,1,0,0,1,0,0,0
404,28,No,17,2,3,3,4558,13535,12,4,3,3,0,10,1,8,0,0,1,0,1,0,0,0,0,1,0,0,0,1,0,0,1,0,0,0,0,0,0,1,0,0,0,0
405,25,Yes,3,3,1,3,4031,9396,13,3,3,3,2,2,0,2,0,0,1,0,1,0,0,0,0,1,0,0,0,1,0,0,1,0,0,0,0,0,0,0,1,0,0,1
406,52,No,3,3,4,2,7969,19609,14,3,3,3,4,5,0,4,0,0,1,0,1,0,0,0,0,1,0,0,0,1,0,0,0,0,1,0,0,0,0,0,1,0,1,0
407,45,No,10,2,1,3,2654,9655,21,4,4,2,2,2,0,2,0,0,1,0,1,0,0,1,0,0,0,0,0,1,0,0,0,0,0,0,1,0,0,0,1,0,0,0
408,52,No,4,2,4,3,16555,10310,13,4,3,1,2,5,1,4,0,0,1,0,1,0,0,1,0,0,0,0,1,0,0,0,0,1,0,0,0,0,0,0,1,0,0,0
409,42,No,29,2,1,3,4556,12932,11,2,3,3,4,5,0,2,0,1,0,0,1,0,0,1,0,0,0,0,1,0,0,0,0,0,0,0,1,0,0,1,0,0,0,0
410,30,No,2,3,3,1,6091,24793,20,3,4,3,4,5,0,2,0,0,1,0,1,0,0,1,0,0,0,0,1,0,0,0,0,0,1,0,0,0,0,0,0,1,0,0
411,60,No,7,3,1,3,19566,3854,11,4,3,1,8,29,11,10,0,0,1,0,1,0,0,1,0,0,0,0,1,0,0,0,0,1,0,0,0,0,0,0,1,0,0,0
412,46,No,18,3,3,3,4810,26314,14,3,3,2,7,10,0,8,0,0,1,0,1,0,0,0,0,1,0,0,1,0,0,0,0,0,1,0,0,0,0,1,0,0,0,0
413,42,No,28,4,4,2,4523,4386,11,4,3,4,5,6,0,4,0,1,0,0,1,0,0,0,0,0,0,1,1,0,1,0,0,0,0,0,0,0,0,0,1,0,0,0
414,24,Yes,1,1,1,3,3202,21972,16,2,3,3,3,5,1,4,0,0,1,0,0,1,0,0,0,0,0,1,1,0,0,0,0,0,0,0,0,0,1,0,0,1,1,1
415,34,Yes,6,2,4,1,2351,12253,16,4,3,2,2,2,1,0,0,1,0,0,0,1,0,0,1,0,0,0,1,0,0,0,0,0,0,0,0,0,1,1,0,0,0,1
416,38,No,2,2,4,3,1702,12106,23,3,4,3,0,1,0,0,0,1,0,0,1,0,0,1,0,0,0,0,0,1,0,0,1,0,0,0,0,0,0,0,1,0,1,0
417,40,No,2,4,3,3,18041,13022,14,4,3,3,15,20,1,12,0,0,1,0,0,1,0,1,0,0,0,0,1,0,0,0,0,1,0,0,0,0,0,0,1,0,0,0
418,26,No,23,3,1,3,2886,3032,22,2,4,1,2,3,0,2,0,0,1,0,1,0,0,1,0,0,0,0,1,0,0,0,0,0,0,0,1,0,0,1,0,0,0,0
419,30,No,3,3,3,3,2097,16734,15,3,3,1,3,5,1,4,1,0,0,0,1,0,0,1,0,0,0,0,0,1,0,0,1,0,0,0,0,0,0,0,1,0,0,0
420,29,No,3,4,2,2,11935,21526,18,3,3,3,2,10,0,7,0,0,1,0,1,0,0,0,0,1,0,0,0,1,0,0,0,0,0,1,0,0,0,0,1,0,0,0
421,29,Yes,25,5,3,2,2546,18300,16,2,3,4,2,2,1,1,0,0,1,0,1,0,0,0,0,0,0,1,1,0,0,0,0,0,0,0,1,0,0,0,1,0,0,1
422,19,Yes,2,2,1,2,2564,18437,12,3,3,4,0,1,0,0,0,0,1,1,0,0,0,0,0,0,0,1,0,1,0,1,0,0,0,0,0,0,0,0,0,1,0,1
423,30,No,22,4,3,3,8412,2890,11,3,3,3,8,9,7,8,1,0,0,0,0,1,0,0,0,0,1,0,1,0,0,0,0,0,0,0,0,1,0,0,1,0,0,0
424,57,No,29,3,1,2,14118,22102,12,3,3,2,0,1,0,0,0,0,1,0,0,1,0,0,1,0,0,0,0,1,0,0,0,1,0,0,0,0,0,1,0,0,0,0
425,50,No,29,4,2,2,17046,9314,15,2,3,3,10,27,15,7,0,0,1,0,1,0,0,1,0,0,0,0,0,1,0,0,0,1,0,0,0,0,0,0,1,0,0,0
426,30,No,2,3,3,3,2564,7181,14,3,3,2,7,11,6,7,1,0,0,0,1,0,0,0,0,1,0,0,1,0,0,0,1,0,0,0,0,0,0,0,0,1,0,0
427,60,No,28,3,3,2,10266,2845,19,4,3,4,13,18,13,11,0,1,0,0,0,1,0,0,1,0,0,0,1,0,0,0,0,0,0,0,0,1,0,0,1,0,0,0
428,47,No,2,2,1,3,5070,7389,13,3,3,3,0,5,0,4,0,0,1,0,1,0,0,0,0,1,0,0,1,0,0,0,0,0,1,0,0,0,0,1,0,0,0,0
429,46,No,2,3,1,3,17861,2288,13,3,3,1,2,3,0,1,0,0,1,0,1,0,0,1,0,0,0,0,0,1,0,0,0,0,0,1,0,0,0,0,1,0,0,0
430,35,No,22,3,4,1,4230,19225,15,3,3,3,4,5,4,3,0,0,1,0,1,0,0,1,0,0,0,0,0,1,0,0,1,0,0,0,0,0,0,0,0,1,0,0
431,54,No,8,4,3,3,3780,23428,11,3,3,3,0,1,0,0,0,0,1,0,1,0,0,1,0,0,0,0,1,0,0,0,1,0,0,0,0,0,0,0,0,1,0,0
432,34,No,2,4,4,2,2768,8416,12,3,3,3,3,7,5,7,0,0,1,0,1,0,0,1,0,0,0,0,0,1,0,0,0,0,0,0,1,0,0,1,0,0,0,0
433,46,No,10,3,3,2,9071,11563,19,3,3,3,2,3,1,2,0,0,1,0,0,1,0,0,1,0,0,0,1,0,0,0,0,0,0,0,0,1,0,0,1,0,1,0
434,31,No,9,1,3,3,10648,14394,25,4,4,4,8,13,0,8,0,0,1,0,1,0,0,1,0,0,0,0,0,1,0,0,0,0,1,0,0,0,0,1,0,0,0,0
435,33,Yes,15,1,2,3,13610,24619,12,4,3,4,6,7,7,7,0,0,1,0,1,0,0,0,0,1,0,0,0,1,0,0,0,1,0,0,0,0,0,0,1,0,1,1
436,33,Yes,10,1,1,1,3408,6705,13,1,3,3,3,4,1,3,0,0,1,0,1,0,0,0,0,1,0,0,0,1,0,0,1,0,0,0,0,0,0,1,0,0,0,1
437,30,No,7,1,4,3,2983,18398,14,1,3,3,2,3,1,2,0,0,1,0,0,1,0,0,1,0,0,0,0,1,0,0,0,0,0,0,0,0,1,0,0,1,0,0
438,35,No,16,3,4,3,7632,14295,12,3,3,3,7,8,0,0,0,0,1,0,1,0,0,1,0,0,0,0,0,1,1,0,0,0,0,0,0,0,0,0,1,0,1,0
439,31,Yes,20,3,1,3,9824,22908,12,1,3,3,0,1,0,0,0,1,0,0,1,0,0,1,0,0,0,0,0,1,1,0,0,0,0,0,0,0,0,0,1,0,0,1
440,34,Yes,23,3,2,3,9950,11533,15,3,3,3,2,3,0,2,0,1,0,1,0,0,1,0,0,0,0,0,1,0,0,1,0,0,0,0,0,0,0,1,0,0,1,1
441,42,No,5,2,2,3,2093,9260,17,4,3,3,2,2,2,0,0,1,0,0,1,0,0,0,0,0,1,0,0,1,0,0,1,0,0,0,0,0,0,0,1,0,0,0
442,36,No,10,4,2,3,9980,15318,14,4,3,2,3,10,9,7,1,0,0,0,0,1,0,0,0,1,0,0,0,1,0,0,0,0,0,0,0,1,0,0,0,1,0,0
443,22,Yes,4,1,3,2,3894,9129,16,3,3,3,2,2,1,2,0,1,0,0,1,0,0,0,0,0,0,1,0,1,0,0,1,0,0,0,0,0,0,0,0,1,0,1
444,48,No,2,5,2,3,4051,19658,14,1,3,3,7,9,6,7,0,0,1,0,0,1,0,0,1,0,0,0,1,0,0,0,0,0,0,0,0,1,0,0,1,0,0,0
445,55,No,18,5,1,3,16835,9873,23,4,4,3,9,10,7,7,0,0,1,0,0,1,0,1,0,0,0,0,1,0,0,0,0,1,0,0,0,0,0,0,0,1,0,0
446,41,No,10,2,4,3,6230,13430,14,4,3,3,3,14,1,10,1,0,0,0,0,1,0,1,0,0,0,0,0,1,0,0,0,0,0,0,0,1,0,0,0,1,0,0
447,35,No,1,3,2,3,4717,18659,11,3,3,3,9,11,6,9,0,0,1,0,0,1,0,0,1,0,0,0,0,1,0,0,0,0,0,0,0,1,0,0,1,0,0,0
448,40,No,6,3,2,3,13237,20364,15,3,3,3,6,20,5,13,0,0,1,0,1,0,0,1,0,0,0,0,1,0,0,0,0,0,1,0,0,0,0,0,0,1,0,0
449,39,No,8,1,3,3,3755,17872,11,1,3,3,3,8,0,7,0,1,0,0,1,0,0,1,0,0,0,0,1,0,0,0,1,0,0,0,0,0,0,0,1,0,0,0
450,31,No,2,1,2,3,6582,8346,13,3,3,4,5,6,0,5,0,0,1,0,0,1,0,1,0,0,0,0,0,1,0,0,0,0,0,0,0,1,0,0,0,1,1,0
451,42,No,24,3,4,3,7406,6950,21,4,4,2,9,10,5,8,0,0,1,0,1,0,0,0,0,1,0,0,0,1,0,0,0,0,1,0,0,0,0,0,1,0,1,0
452,45,No,2,3,4,3,4805,16177,19,2,3,4,7,8,3,7,0,0,1,0,0,1,0,0,0,0,1,0,0,1,0,0,0,0,0,0,0,1,0,0,1,0,0,0
453,26,Yes,17,4,2,3,2741,22808,11,2,3,2,7,7,1,0,0,1,0,1,0,0,0,1,0,0,0,0,1,0,0,1,0,0,0,0,0,0,0,1,0,0,1,1
454,29,No,19,3,4,3,4262,22645,12,2,3,4,2,3,1,2,0,0,1,0,1,0,0,0,0,0,0,1,0,1,0,0,0,0,1,0,0,0,0,1,0,0,0,0
455,33,No,1,5,1,4,16184,22578,19,3,3,3,1,6,0,5,0,0,1,0,1,0,0,0,0,1,0,0,1,0,0,0,0,0,0,1,0,0,0,1,0,0,0,0
456,31,No,7,3,3,2,11557,25291,21,3,4,2,4,5,0,1,0,0,1,0,0,1,0,1,0,0,0,0,0,1,0,0,0,1,0,0,0,0,0,1,0,0,0,0
457,18,Yes,5,3,2,3,1878,8059,14,4,3,3,0,0,0,0,0,1,0,0,0,1,0,0,1,0,0,0,0,1,0,0,0,0,0,0,0,0,1,0,0,1,1,1
458,40,No,28,3,3,1,10932,11373,15,3,3,3,0,1,0,1,1,0,0,0,0,1,0,0,0,0,1,0,0,1,0,0,0,0,0,0,0,1,0,1,0,0,0,0
459,41,No,2,4,1,2,6811,2112,17,1,3,3,7,8,0,7,1,0,0,0,1,0,0,0,0,0,1,0,1,0,1,0,0,0,0,0,0,0,0,0,0,1,1,0
460,26,No,29,2,1,3,4306,4267,12,1,3,3,0,0,0,0,0,0,1,0,0,1,0,0,0,1,0,0,0,1,0,0,0,0,0,0,0,1,0,1,0,0,0,0
461,35,No,1,3,1,3,4859,6698,16,4,3,3,4,5,0,3,0,0,1,0,0,1,0,0,0,1,0,0,1,0,0,0,0,0,0,0,0,1,0,0,0,1,0,0
462,34,No,21,4,4,4,5337,19921,12,4,3,3,7,10,5,7,0,0,1,0,0,1,0,1,0,0,0,0,0,1,0,0,0,0,0,0,0,1,0,0,0,1,0,0
463,26,Yes,24,3,3,1,2340,23213,18,2,3,1,0,1,0,0,0,0,1,0,1,0,0,0,0,0,0,1,0,1,0,0,1,0,0,0,0,0,0,0,0,1,1,1
464,37,No,1,3,2,3,7491,23848,17,4,3,4,5,6,1,2,0,0,1,0,1,0,0,0,0,0,0,1,1,0,0,0,0,0,1,0,0,0,0,0,0,1,0,0
465,46,No,18,1,1,3,10527,8984,11,4,3,2,2,2,1,2,0,1,0,0,1,0,0,0,0,1,0,0,1,0,1,0,0,0,0,0,0,0,0,0,1,0,0,0
466,41,No,2,5,2,3,16595,5626,16,2,3,3,16,18,11,8,0,0,1,0,0,1,0,1,0,0,0,0,1,0,0,0,0,1,0,0,0,0,0,0,1,0,0,0
467,37,No,9,4,1,3,8834,24666,13,4,3,3,5,9,7,7,1,0,0,0,0,1,0,0,0,1,0,0,0,1,0,0,0,0,0,0,0,1,0,1,0,0,0,0
468,52,No,6,2,4,3,5577,22087,12,2,3,3,9,10,6,9,0,0,1,0,1,0,0,0,0,0,0,1,0,1,0,0,0,0,0,0,1,0,0,1,0,0,1,0
469,32,Yes,11,4,4,4,4707,23914,12,4,3,3,2,4,1,2,1,0,0,0,0,1,0,0,0,0,1,0,0,1,0,0,0,0,0,0,0,1,0,0,1,0,0,1
470,24,No,24,3,4,3,2400,5530,13,3,3,3,2,2,2,1,0,1,0,0,0,1,0,0,0,1,0,0,0,1,0,0,0,0,0,0,0,0,1,0,1,0,0,0
471,38,No,10,3,3,3,9824,22174,19,3,3,3,0,1,0,0,0,0,1,0,1,0,0,0,0,1,0,0,1,0,1,0,0,0,0,0,0,0,0,0,1,0,0,0
472,37,No,1,4,2,3,6447,15701,12,2,3,2,5,6,4,3,0,0,1,0,1,0,0,1,0,0,0,0,1,0,0,0,0,0,1,0,0,0,0,0,1,0,0,0
473,49,No,18,4,4,2,19502,2125,17,3,3,3,9,31,0,9,0,0,1,0,1,0,0,1,0,0,0,0,0,1,0,0,0,0,0,1,0,0,0,1,0,0,1,0
474,24,No,23,3,2,4,2725,21630,11,2,3,3,5,6,1,4,0,0,1,0,1,0,0,0,0,1,0,0,0,1,0,0,0,0,0,0,1,0,0,0,1,0,1,0
475,26,No,28,2,1,3,6272,7428,20,4,4,4,3,5,1,4,0,0,1,0,0,1,0,0,1,0,0,0,0,1,0,0,0,0,0,0,0,1,0,0,1,0,0,0
476,24,No,17,2,4,2,2127,9100,21,4,4,3,0,1,0,0,0,0,1,0,1,0,0,0,0,0,1,0,0,1,0,0,1,0,0,0,0,0,0,0,1,0,0,0
477,50,No,3,3,1,3,18200,7999,11,3,3,3,5,32,10,7,0,1,0,1,0,0,0,0,0,1,0,0,0,1,0,0,0,1,0,0,0,0,0,0,1,0,0,0
478,25,No,13,1,2,3,2096,26376,11,3,3,3,4,7,0,6,0,0,1,0,0,1,0,0,0,1,0,0,0,1,0,0,0,0,0,0,0,0,1,0,1,0,0,0
479,24,Yes,7,3,1,3,2886,14168,16,4,3,3,3,6,1,2,0,1,0,0,1,0,0,1,0,0,0,0,1,0,0,0,1,0,0,0,0,0,0,0,1,0,1,1
480,30,Yes,12,4,2,2,2033,14470,18,3,3,4,0,1,0,0,0,1,0,0,0,1,0,1,0,0,0,0,0,1,0,0,0,0,0,0,0,0,1,0,1,0,0,1
481,34,No,1,2,2,2,3622,22794,13,4,3,3,5,6,1,3,0,0,1,0,1,0,0,1,0,0,0,0,0,1,0,0,0,0,0,0,1,0,0,0,1,0,1,0
482,31,Yes,13,4,2,3,4233,11512,17,3,3,1,1,3,1,2,0,0,1,0,0,1,0,0,0,1,0,0,0,1,0,0,0,0,0,0,0,1,0,1,0,0,0,1
483,35,No,25,2,1,2,3681,14004,14,4,3,3,2,3,0,2,0,0,1,0,1,0,0,0,0,0,1,0,0,1,0,0,1,0,0,0,0,0,0,0,0,1,0,0
484,31,No,6,4,1,4,5460,6219,22,4,4,4,7,7,5,7,0,0,1,0,0,1,0,0,0,1,0,0,0,1,0,0,0,0,0,0,0,1,0,1,0,0,0,0
485,27,No,6,4,1,2,2187,5013,12,3,3,2,3,5,0,3,0,0,1,0,1,0,0,0,0,1,0,0,1,0,0,0,0,0,0,0,1,0,0,1,0,0,0,0
486,37,No,2,3,4,3,9602,3010,11,3,3,2,0,3,1,0,0,0,1,0,0,1,0,0,1,0,0,0,0,1,0,0,0,0,0,0,0,1,0,0,1,0,1,0
487,20,No,1,3,4,2,2836,11757,13,4,3,4,0,1,0,0,0,0,1,0,1,0,0,1,0,0,0,0,1,0,0,0,0,0,0,0,1,0,0,0,0,1,0,0
488,42,No,2,4,3,3,4089,5718,13,2,3,3,2,10,2,2,0,0,1,0,1,0,0,1,0,0,0,0,1,0,1,0,0,0,0,0,0,0,0,0,1,0,0,0
489,43,No,6,4,2,2,16627,2671,14,3,3,2,0,1,0,0,0,0,1,0,1,0,0,0,0,0,1,0,0,1,0,0,0,0,0,1,0,0,0,1,0,0,1,0
490,38,No,1,1,3,3,2619,14561,17,4,3,2,0,0,0,0,0,0,1,0,1,0,0,1,0,0,0,0,1,0,0,0,0,0,0,0,1,0,0,0,0,1,0,0
491,43,No,9,5,4,3,5679,19627,13,2,3,3,7,8,4,7,0,1,0,0,1,0,0,0,0,1,0,0,0,1,0,0,1,0,0,0,0,0,0,1,0,0,1,0
492,48,No,1,4,4,2,15402,17997,11,1,3,1,2,3,0,2,0,0,1,0,1,0,0,1,0,0,0,0,1,0,0,0,0,1,0,0,0,0,0,0,1,0,0,0
493,44,No,1,4,1,2,5985,26894,11,2,3,4,2,2,0,2,0,0,1,1,0,0,0,1,0,0,0,0,1,0,0,1,0,0,0,0,0,0,0,0,0,1,0,0
494,34,No,14,3,3,3,2579,2912,18,4,3,3,2,8,0,6,0,0,1,0,0,1,0,0,0,0,0,1,1,0,0,0,0,0,0,0,0,0,1,1,0,0,1,0
495,27,Yes,2,1,3,3,3041,16346,11,2,3,3,3,4,0,2,0,0,1,0,0,1,0,0,1,0,0,0,0,1,0,0,0,0,0,0,0,0,1,1,0,0,0,1
496,21,No,22,1,3,3,3447,24444,11,3,3,3,2,3,1,2,0,0,1,0,0,1,0,0,0,0,0,1,0,1,0,0,0,0,0,0,0,0,1,0,0,1,0,0
497,44,No,3,4,4,3,19513,9358,12,1,3,4,2,2,0,1,0,0,1,0,1,0,0,0,0,0,1,0,0,1,0,0,0,1,0,0,0,0,0,0,1,0,1,0
498,22,No,6,1,1,3,2773,12145,20,4,4,3,2,2,2,2,0,0,1,0,1,0,0,0,0,1,0,0,0,1,0,0,0,0,0,0,1,0,0,0,1,0,0,0
499,33,No,8,4,3,3,7104,20431,12,4,3,3,0,5,1,2,0,0,1,0,0,1,0,0,1,0,0,0,0,1,0,0,0,0,0,0,0,1,0,1,0,0,0,0
500,32,No,9,4,1,3,6322,18089,12,4,3,2,4,6,0,5,0,0,1,0,1,0,0,1,0,0,0,0,1,0,0,0,0,0,0,0,1,0,0,0,1,0,1,0
501,30,No,3,3,3,3,2083,22653,20,3,4,3,0,1,0,0,0,1,0,0,1,0,0,0,0,1,0,0,1,0,0,0,0,0,0,0,1,0,0,1,0,0,0,0
502,53,No,1,1,4,3,8381,7507,20,4,4,4,7,14,8,10,0,0,1,0,0,1,0,0,0,1,0,0,1,0,0,0,0,0,0,0,0,1,0,0,0,1,0,0
503,34,No,1,5,2,3,2691,7660,12,4,3,2,9,10,8,8,0,0,1,0,1,0,0,1,0,0,0,0,0,1,0,0,0,0,0,0,1,0,0,0,1,0,0,0
504,45,Yes,26,4,1,3,4286,5630,14,4,3,3,1,1,0,0,0,1,0,0,0,1,0,1,0,0,0,0,1,0,0,0,0,0,0,0,0,1,0,0,1,0,0,1
505,26,No,6,3,3,3,2659,17759,13,3,3,3,2,3,0,2,0,0,1,0,1,0,0,1,0,0,0,0,1,0,0,0,1,0,0,0,0,0,0,0,1,0,1,0
506,37,No,3,3,3,3,9434,9606,15,3,3,3,7,10,7,8,0,0,1,0,1,0,0,0,0,0,1,0,0,1,0,0,0,0,1,0,0,0,0,0,1,0,0,0
507,29,No,3,2,2,3,5561,3487,14,1,3,2,0,6,1,2,0,0,1,0,0,1,0,0,0,1,0,0,1,0,0,0,0,0,0,0,0,1,0,0,1,0,0,0
508,35,No,6,4,2,1,6646,19368,13,2,3,3,11,17,11,8,0,0,1,0,1,0,0,1,0,0,0,0,0,1,0,0,0,0,0,0,1,0,0,0,0,1,0,0
509,33,No,6,3,3,3,7725,5335,23,3,4,1,11,13,4,7,0,1,0,0,1,0,0,1,0,0,0,0,0,1,1,0,0,0,0,0,0,0,0,1,0,0,0,0
510,54,No,19,4,3,3,10725,6729,15,3,3,4,7,9,7,1,0,0,1,1,0,0,0,0,0,1,0,0,0,1,0,1,0,0,0,0,0,0,0,0,1,0,0,0
511,36,No,9,2,2,2,8847,13934,11,3,3,3,2,3,0,2,0,0,1,0,1,0,0,0,0,1,0,0,0,1,0,0,0,0,1,0,0,0,0,1,0,0,1,0
512,27,No,3,4,1,2,2045,15174,13,4,3,3,2,4,1,1,0,0,1,0,1,0,0,0,0,1,0,0,0,1,0,0,0,0,0,0,1,0,0,0,0,1,0,0
513,20,Yes,10,1,4,3,1009,26999,11,4,3,3,0,1,1,1,0,0,1,0,1,0,0,0,0,1,0,0,0,1,0,0,0,0,0,0,1,0,0,0,0,1,1,1
514,33,Yes,3,3,1,3,3348,3164,11,1,3,3,8,10,9,7,0,1,0,0,1,0,0,1,0,0,0,0,0,1,0,0,0,0,0,0,1,0,0,0,0,1,1,1
515,35,No,3,3,3,2,1281,16900,18,3,3,3,0,1,0,0,1,0,0,0,1,0,0,1,0,0,0,0,0,1,0,0,1,0,0,0,0,0,0,0,1,0,0,0
516,23,No,4,3,1,4,2819,8544,16,1,3,4,2,3,0,2,0,0,1,0,1,0,0,0,0,1,0,0,0,1,0,0,0,0,0,0,1,0,0,0,1,0,0,0
517,25,No,8,3,4,4,4851,15678,22,3,4,3,2,3,1,2,0,0,1,0,0,1,0,1,0,0,0,0,0,1,0,0,0,0,0,0,0,1,0,0,1,0,0,0
518,38,No,7,4,4,2,4028,7791,20,1,4,3,7,7,0,5,0,0,1,0,0,1,0,0,1,0,0,0,1,0,0,0,0,0,0,0,0,1,0,0,0,1,0,0
519,29,No,1,4,2,1,2720,18959,18,4,3,3,7,10,2,8,0,1,0,0,1,0,0,1,0,0,0,0,0,1,0,0,0,0,0,0,1,0,0,1,0,0,0,0
520,48,No,2,1,2,4,8120,18597,12,4,3,3,2,2,2,2,0,0,1,0,0,1,0,0,1,0,0,0,0,1,0,0,0,0,0,0,0,1,0,0,1,0,0,0
521,27,No,3,1,4,4,4647,16673,20,2,4,3,5,6,0,4,0,1,0,0,0,1,0,0,0,1,0,0,1,0,0,0,0,0,0,0,0,1,0,1,0,0,1,0
522,37,No,10,2,4,4,4680,15232,17,1,3,3,0,1,0,0,0,0,1,0,1,0,0,1,0,0,0,0,0,1,0,0,0,0,0,0,1,0,0,0,0,1,0,0
523,50,No,28,1,4,4,3221,3297,11,3,3,3,8,20,3,8,0,0,1,0,1,0,0,0,0,1,0,0,0,1,0,0,1,0,0,0,0,0,0,0,1,0,1,0
524,34,No,9,3,4,2,8621,17654,14,2,3,4,7,8,7,7,0,0,1,0,1,0,0,0,0,1,0,0,1,0,1,0,0,0,0,0,0,0,0,0,0,1,0,0
525,24,Yes,3,2,1,3,4577,24785,14,1,3,3,2,2,2,0,0,0,1,0,0,1,0,1,0,0,0,0,1,0,0,0,0,0,0,0,0,1,0,0,0,1,0,1
526,39,No,2,4,4,2,4553,20978,11,1,3,3,7,20,11,10,0,0,1,0,1,0,0,0,0,0,0,1,1,0,1,0,0,0,0,0,0,0,0,0,0,1,0,0
527,32,No,10,3,4,3,5396,21703,12,4,3,2,7,10,0,8,0,0,1,0,0,1,0,0,1,0,0,0,0,1,0,0,0,0,0,0,0,1,0,0,0,1,0,0
528,50,Yes,8,2,2,3,6796,23452,14,1,3,3,3,4,1,3,0,1,0,0,0,1,0,0,0,0,0,1,0,1,0,0,0,0,0,0,0,1,0,0,1,0,1,1
529,38,No,1,4,2,4,7625,19383,13,3,3,2,7,9,1,8,0,0,1,0,1,0,0,1,0,0,0,0,1,0,1,0,0,0,0,0,0,0,0,0,0,1,0,0
530,27,No,1,2,3,3,7412,6009,11,4,3,3,7,9,0,7,0,0,1,0,1,0,0,1,0,0,0,0,1,0,0,0,0,0,1,0,0,0,0,0,1,0,0,0
531,32,No,3,2,3,3,11159,19373,15,4,3,3,7,7,7,7,0,0,1,0,1,0,0,1,0,0,0,0,1,0,0,0,0,0,0,1,0,0,0,0,0,1,0,0
532,47,No,14,4,4,3,4960,11825,12,4,3,3,7,7,1,7,0,0,1,0,0,1,0,0,1,0,0,0,0,1,0,0,0,0,0,0,0,1,0,0,0,1,0,0
533,40,No,5,4,4,2,10475,23772,21,3,4,3,13,18,1,12,0,1,0,0,0,1,0,1,0,0,0,0,0,1,0,0,0,0,0,0,0,1,0,0,1,0,1,0
534,53,No,7,3,3,4,14814,13514,19,3,3,3,1,5,1,3,0,0,1,0,1,0,0,1,0,0,0,0,0,1,0,0,0,0,0,1,0,0,0,0,1,0,0,0
535,41,No,10,4,2,2,19141,8861,15,2,3,2,6,21,12,6,0,0,1,1,0,0,1,0,0,0,0,0,0,1,0,0,0,1,0,0,0,0,0,1,0,0,0,0
536,60,No,16,4,1,3,5405,11924,14,4,3,3,2,2,2,2,0,0,1,0,0,1,0,0,1,0,0,0,0,1,0,0,0,0,0,0,0,1,0,0,0,1,0,0
537,27,No,10,2,4,3,8793,4809,21,3,4,2,7,9,1,7,0,1,0,0,1,0,0,1,0,0,0,0,0,1,0,0,0,0,1,0,0,0,0,1,0,0,0,0
538,41,No,1,3,4,2,19189,19562,12,2,3,3,7,22,2,10,0,0,1,1,0,0,1,0,0,0,0,0,0,1,0,0,0,1,0,0,0,0,0,0,1,0,0,0
539,50,No,8,4,4,3,3875,9983,15,4,3,3,2,2,2,2,0,0,1,0,0,1,0,0,1,0,0,0,0,1,0,0,0,0,0,0,0,0,1,0,1,0,0,0
540,28,Yes,1,2,1,1,2216,3872,13,4,3,3,7,7,3,7,0,0,1,0,1,0,0,1,0,0,0,0,1,0,0,0,0,0,0,0,1,0,0,0,0,1,1,1
541,36,No,8,3,1,4,11713,20335,14,1,3,3,7,8,0,5,1,0,0,0,1,0,0,1,0,0,0,0,1,0,0,0,0,0,0,1,0,0,0,0,1,0,0,0
542,38,No,1,3,3,3,7861,15397,14,4,3,4,0,1,0,0,0,0,1,0,1,0,0,1,0,0,0,0,1,0,0,0,0,0,1,0,0,0,0,0,0,1,1,0
543,44,No,24,3,1,1,3708,2104,14,3,3,3,2,5,1,4,1,0,0,0,1,0,0,0,0,1,0,0,0,1,0,0,1,0,0,0,0,0,0,0,0,1,0,0
544,47,No,3,3,4,3,13770,10225,12,4,3,2,2,22,11,13,0,1,0,0,0,1,0,0,0,1,0,0,1,0,0,0,0,0,0,0,0,1,0,1,0,0,1,0
545,30,No,27,5,3,3,5304,25275,23,4,4,2,7,8,7,7,0,0,1,0,0,1,0,0,1,0,0,0,0,1,0,0,0,0,0,0,0,1,0,1,0,0,0,0
546,29,No,10,3,3,3,2642,2755,11,3,3,3,0,1,0,0,0,0,1,0,0,1,0,1,0,0,0,0,0,1,0,0,0,0,0,0,0,0,1,0,0,1,0,0
547,42,Yes,19,3,3,4,2759,20366,12,4,3,3,2,2,2,2,0,1,0,0,1,0,0,0,0,1,0,0,0,1,0,0,0,0,0,0,1,0,0,1,0,0,1,1
548,43,No,15,3,4,2,6804,23683,18,3,3,3,2,2,2,2,0,1,0,0,0,1,0,1,0,0,0,0,0,1,0,0,0,0,0,0,0,1,0,0,1,0,0,0
549,34,No,8,2,2,3,6142,7360,11,4,3,3,1,5,4,3,0,0,1,0,1,0,0,0,0,1,0,0,1,0,1,0,0,0,0,0,0,0,0,0,0,1,0,0
550,23,No,9,1,2,3,2500,4344,14,4,3,4,3,4,0,2,0,0,1,0,1,0,0,0,0,1,0,0,0,1,0,0,1,0,0,0,0,0,0,0,1,0,0,0
551,39,No,3,3,3,4,6389,18767,15,3,3,1,3,8,3,6,0,0,1,1,0,0,1,0,0,0,0,0,1,0,0,1,0,0,0,0,0,0,0,0,1,0,0,0
552,56,No,9,3,3,3,11103,20420,11,3,3,2,7,10,1,1,0,0,1,0,1,0,0,0,0,1,0,0,0,1,1,0,0,0,0,0,0,0,0,0,1,0,0,0
553,40,No,2,1,4,2,2342,22929,20,4,4,2,2,4,2,3,0,0,1,0,1,0,0,0,0,1,0,0,1,0,0,0,0,0,0,0,1,0,0,0,0,1,1,0
554,27,No,7,3,4,2,6811,23398,19,1,3,1,6,7,0,7,0,0,1,0,1,0,0,0,0,1,0,0,1,0,1,0,0,0,0,0,0,0,0,0,0,1,0,0
555,29,No,10,3,4,3,2297,17967,14,4,3,3,2,2,2,2,0,0,1,0,0,1,0,0,1,0,0,0,0,1,0,0,0,0,0,0,0,0,1,1,0,0,0,0
556,53,No,6,3,4,3,2450,10919,17,4,3,3,2,2,2,2,0,0,1,0,1,0,0,1,0,0,0,0,0,1,0,0,1,0,0,0,0,0,0,0,0,1,0,0
557,35,No,2,4,4,3,5093,4761,11,1,3,4,0,1,0,0,1,0,0,0,1,0,0,1,0,0,0,0,1,0,1,0,0,0,0,0,0,0,0,1,0,0,0,0
558,32,No,24,4,1,3,5309,21146,15,4,3,3,8,10,4,7,0,1,0,0,1,0,0,1,0,0,0,0,0,1,0,0,1,0,0,0,0,0,0,0,1,0,0,0
559,38,No,2,5,4,3,3057,20471,13,2,3,1,0,1,0,1,0,0,1,0,1,0,0,0,0,1,0,0,0,1,0,0,0,0,0,0,1,0,0,0,1,0,1,0
560,34,No,8,5,2,3,5121,4187,14,3,3,3,0,0,0,0,0,0,1,0,1,0,0,1,0,0,0,0,1,0,0,0,0,0,1,0,0,0,0,1,0,0,0,0
561,52,No,3,4,3,2,16856,10084,11,1,3,4,6,34,1,16,0,0,1,0,0,1,0,0,1,0,0,0,0,1,0,0,0,1,0,0,0,0,0,0,1,0,0,0
562,33,Yes,1,4,4,3,2686,5207,13,3,3,2,9,10,7,8,0,0,1,0,1,0,0,0,0,0,1,0,0,1,0,0,0,0,0,0,1,0,0,0,0,1,1,1
563,25,No,26,1,3,3,6180,22807,23,2,4,2,5,6,1,4,0,0,1,0,0,1,0,0,0,1,0,0,1,0,0,0,0,0,0,0,0,1,0,0,0,1,0,0
564,45,No,2,2,2,1,6632,12388,13,1,3,3,7,8,3,1,0,0,1,0,0,1,0,0,0,0,0,1,0,1,0,0,0,0,0,0,0,0,1,0,0,1,0,0
565,23,No,10,1,1,4,3505,19630,18,4,3,3,2,2,0,2,0,0,1,0,1,0,0,0,0,1,0,0,0,1,0,0,0,0,0,0,1,0,0,0,0,1,0,0
566,47,Yes,27,2,2,4,6397,10339,12,4,3,3,4,5,1,3,0,1,0,0,0,1,0,1,0,0,0,0,1,0,0,0,0,0,0,0,0,1,0,0,0,1,1,1
567,34,No,2,3,4,3,6274,18686,22,3,4,3,5,6,1,4,0,0,1,0,0,1,0,0,0,0,1,0,0,1,0,0,0,0,0,0,0,1,0,0,0,1,0,0
568,55,Yes,2,3,4,3,19859,21199,13,4,3,3,2,5,1,4,0,0,1,0,1,0,0,0,0,1,0,0,0,1,0,0,0,1,0,0,0,0,0,0,1,0,1,1
569,36,No,8,4,1,2,7587,14229,15,2,3,3,7,10,0,9,1,0,0,0,0,1,0,1,0,0,0,0,0,1,0,0,0,0,0,0,0,1,0,0,0,1,0,0
570,52,No,19,4,4,3,4258,26589,18,1,3,3,3,4,1,2,1,0,0,0,1,0,0,0,0,1,0,0,0,1,0,0,0,0,0,0,1,0,0,0,1,0,0,0
571,26,No,1,2,1,1,4364,5288,14,1,3,3,2,2,2,0,0,1,0,0,1,0,0,1,0,0,0,0,1,0,0,0,1,0,0,0,0,0,0,1,0,0,0,0
572,29,No,27,3,2,3,4335,25549,12,1,3,2,7,8,1,1,0,0,1,0,1,0,0,0,0,1,0,0,1,0,1,0,0,0,0,0,0,0,0,0,1,0,0,0
573,26,Yes,8,3,4,2,5326,3064,17,3,3,2,3,4,1,2,0,0,1,0,0,1,0,0,0,0,0,1,0,1,0,0,0,0,0,0,0,1,0,0,0,1,0,1
574,34,No,1,4,2,4,3280,13551,16,3,3,3,2,4,1,3,0,0,1,0,1,0,0,1,0,0,0,0,1,0,0,0,0,0,0,0,1,0,0,0,0,1,0,0
575,54,No,19,4,4,3,5485,22670,11,2,3,3,3,5,1,4,0,0,1,0,1,0,0,0,0,1,0,0,1,0,0,0,0,0,1,0,0,0,0,1,0,0,1,0
576,27,No,8,1,3,3,4342,24008,19,2,3,3,2,4,1,1,0,1,0,0,0,1,0,0,1,0,0,0,0,1,0,0,0,0,0,0,0,1,0,0,1,0,0,0
577,37,No,10,1,4,3,2782,19905,13,2,3,2,3,5,4,3,0,0,1,0,1,0,0,1,0,0,0,0,1,0,0,0,0,0,0,0,1,0,0,1,0,0,1,0
578,38,No,2,4,1,4,5980,26085,12,4,3,3,7,15,4,12,0,1,0,0,1,0,0,1,0,0,0,0,1,0,0,0,0,0,1,0,0,0,0,0,0,1,1,0
579,34,No,2,4,3,2,4381,7530,11,3,3,3,5,6,1,3,0,0,1,0,1,0,0,0,0,1,0,0,1,0,0,0,0,0,0,0,1,0,0,0,0,1,0,0
580,35,No,8,4,1,3,2572,20317,16,2,3,2,2,3,0,2,0,0,1,0,0,1,0,1,0,0,0,0,1,0,0,0,0,0,0,0,0,0,1,0,1,0,0,0
581,30,No,1,3,4,1,3833,24375,21,3,4,3,2,2,0,2,0,0,1,0,1,0,0,1,0,0,0,0,0,1,0,0,1,0,0,0,0,0,0,0,1,0,0,0
582,40,No,2,2,3,4,4244,9931,24,4,4,3,7,8,3,7,0,1,0,0,1,0,0,0,0,1,0,0,1,0,1,0,0,0,0,0,0,0,0,0,1,0,0,0
583,34,No,8,2,3,3,6500,13305,17,2,3,3,2,3,1,2,0,0,1,0,0,1,0,1,0,0,0,0,1,0,0,0,0,0,0,0,0,1,0,0,1,0,0,0
584,42,No,8,3,2,3,18430,16225,13,2,3,2,7,24,14,9,0,1,0,0,1,0,0,1,0,0,0,0,0,1,0,0,0,1,0,0,0,0,0,1,0,0,0,0
585,23,Yes,6,3,3,4,1601,3445,21,3,4,3,0,0,0,0,0,0,1,0,1,0,0,1,0,0,0,0,0,1,0,0,1,0,0,0,0,0,0,0,1,0,1,1
586,24,No,9,3,3,2,2694,26551,11,3,3,3,0,1,0,0,1,0,0,0,1,0,0,1,0,0,0,0,0,1,0,0,1,0,0,0,0,0,0,1,0,0,0,0
587,52,No,11,4,4,3,3149,21821,20,2,4,3,2,5,1,4,0,0,1,0,1,0,0,1,0,0,0,0,1,0,0,0,1,0,0,0,0,0,0,0,1,0,0,0
588,50,No,2,3,3,3,17639,6881,16,4,3,3,3,4,0,3,0,0,1,0,1,0,0,0,0,1,0,0,0,1,0,0,0,0,0,1,0,0,0,0,1,0,0,0
589,29,Yes,1,2,2,2,2319,6689,11,4,3,3,0,1,0,0,0,0,1,0,1,0,0,1,0,0,0,0,1,0,0,0,1,0,0,0,0,0,0,0,1,0,1,1
590,33,No,7,3,3,3,11691,25995,11,4,3,4,9,13,3,7,0,0,1,0,1,0,0,0,0,1,0,0,0,1,0,0,0,0,0,1,0,0,0,0,1,0,0,0
591,33,Yes,16,3,1,3,5324,26507,15,3,3,3,2,3,0,2,0,0,1,0,0,1,0,0,1,0,0,0,1,0,0,0,0,0,0,0,0,1,0,0,0,1,0,1
592,47,No,2,2,3,3,16752,12982,11,3,3,2,14,26,3,0,0,0,1,0,1,0,0,0,0,0,1,0,1,0,0,0,0,1,0,0,0,0,0,0,1,0,1,0
593,36,No,1,3,3,3,5228,23361,15,1,3,3,7,9,0,5,0,0,1,0,1,0,0,0,0,0,1,0,1,0,0,0,0,0,1,0,0,0,0,0,1,0,0,0
594,29,No,23,2,3,4,2700,23779,24,3,4,3,7,10,0,7,0,0,1,0,1,0,0,1,0,0,0,0,0,1,0,0,0,0,0,0,1,0,0,0,1,0,0,0
595,58,Yes,2,4,4,3,19246,25761,12,4,3,3,15,31,13,8,0,0,1,0,1,0,0,1,0,0,0,0,0,1,0,0,0,0,0,1,0,0,0,0,0,1,1,1
596,35,No,1,4,4,4,2506,13301,13,3,3,3,2,2,2,2,0,0,1,0,1,0,0,1,0,0,0,0,1,0,0,0,0,0,0,0,1,0,0,0,0,1,0,0
597,42,No,1,2,4,2,6062,4051,13,4,3,3,3,4,0,2,0,0,1,0,1,0,0,1,0,0,0,0,1,0,0,0,0,0,1,0,0,0,0,0,1,0,1,0
598,28,Yes,2,4,3,3,4382,16374,17,4,3,2,2,2,2,1,0,0,1,0,1,0,0,0,0,1,0,0,0,1,0,0,0,0,0,0,1,0,0,0,0,1,0,1
599,36,No,13,3,3,3,2143,25527,13,2,3,3,2,5,0,4,0,0,1,1,0,0,1,0,0,0,0,0,0,1,0,1,0,0,0,0,0,0,0,0,1,0,0,0
600,32,No,4,3,3,2,6162,19124,12,3,3,3,13,14,6,8,0,0,1,0,1,0,0,1,0,0,0,0,1,0,0,0,0,0,1,0,0,0,0,0,1,0,0,0
601,40,No,16,4,1,2,5094,11983,14,4,3,3,0,1,0,0,0,1,0,0,1,0,0,0,0,1,0,0,0,1,0,0,1,0,0,0,0,0,0,0,0,1,0,0
602,30,No,2,3,3,2,6877,20234,24,2,4,2,0,0,0,0,0,0,1,0,1,0,0,0,0,1,0,0,1,0,0,0,0,0,1,0,0,0,0,0,0,1,1,0
603,45,No,2,3,2,2,2274,6153,14,4,3,3,0,1,0,0,0,0,1,0,1,0,0,1,0,0,0,0,1,0,0,0,0,0,0,0,1,0,0,0,0,1,0,0
604,42,No,29,3,2,3,4434,11806,13,4,3,2,8,9,7,8,0,0,1,0,1,0,0,1,0,0,0,0,0,1,0,0,0,0,1,0,0,0,0,0,1,0,0,0
605,38,No,12,3,1,2,6288,4284,15,3,3,2,3,4,1,2,0,1,0,0,1,0,0,1,0,0,0,0,0,1,1,0,0,0,0,0,0,0,0,1,0,0,0,0
606,34,No,16,4,3,2,2553,8306,16,3,3,3,2,5,1,3,0,1,0,0,1,0,0,1,0,0,0,0,1,0,0,0,0,0,0,0,1,0,0,0,0,1,0,0
607,49,Yes,11,3,3,3,7654,5860,18,1,3,4,8,9,7,7,0,0,1,0,0,1,0,0,1,0,0,0,1,0,0,0,0,0,0,0,0,1,0,0,1,0,0,1
608,55,Yes,2,1,3,3,5160,21519,16,3,3,2,7,9,7,3,0,0,1,0,0,1,0,0,0,1,0,0,0,1,0,0,0,0,0,0,0,1,0,0,0,1,0,1
609,43,No,14,2,2,3,17159,5200,24,3,4,3,1,4,1,0,0,0,1,0,1,0,0,1,0,0,0,0,0,1,0,0,0,0,0,1,0,0,0,0,1,0,0,0
610,27,No,5,1,3,2,12808,8842,16,2,3,3,8,9,0,8,0,0,1,0,1,0,0,0,0,0,0,1,0,1,0,0,0,0,0,1,0,0,0,1,0,0,1,0
611,35,No,7,3,3,3,10221,18869,21,2,4,4,5,8,1,6,0,0,1,0,1,0,0,0,0,0,1,0,0,1,0,0,0,0,1,0,0,0,0,0,0,1,0,0
612,28,No,2,4,2,3,4779,3698,20,1,4,3,7,8,7,5,0,0,1,0,0,1,0,0,1,0,0,0,1,0,0,0,0,0,0,0,0,1,0,0,1,0,1,0
613,34,No,3,2,3,3,3737,2243,19,3,3,1,2,3,0,2,0,0,1,1,0,0,1,0,0,0,0,0,0,1,0,1,0,0,0,0,0,0,0,0,1,0,0,0
614,26,Yes,5,2,3,2,2366,20898,14,1,3,3,7,8,1,7,0,1,0,0,1,0,0,0,0,1,0,0,1,0,0,0,0,0,0,0,1,0,0,0,1,0,1,1
615,27,No,3,3,4,3,1706,16571,11,3,3,2,0,0,0,0,1,0,0,0,1,0,0,0,0,1,0,0,0,1,0,0,0,0,0,0,1,0,0,0,1,0,0,0
616,51,No,26,4,1,3,16307,5594,14,3,3,2,6,20,4,17,0,0,1,0,0,1,0,0,1,0,0,0,1,0,0,0,0,1,0,0,0,0,0,0,1,0,0,0
617,44,No,4,3,4,3,5933,5197,12,4,3,2,2,5,2,3,0,0,1,0,1,0,0,0,0,1,0,0,0,1,1,0,0,0,0,0,0,0,0,0,0,1,0,0
618,25,No,2,1,1,4,3424,21632,13,3,3,2,3,4,0,1,0,0,1,0,1,0,0,0,0,1,0,0,0,1,0,0,0,0,0,0,1,0,0,0,0,1,0,0
619,33,No,1,3,1,4,4037,21816,22,1,4,3,8,9,0,8,0,0,1,0,0,1,0,0,0,1,0,0,0,1,0,0,0,0,0,0,0,1,0,1,0,0,0,0
620,35,No,27,1,3,2,2559,17852,11,4,3,2,5,6,1,1,0,0,1,0,1,0,0,0,0,1,0,0,1,0,0,0,0,0,0,0,1,0,0,0,0,1,0,0
621,36,No,1,2,2,3,6201,2823,14,4,3,2,14,18,4,11,0,0,1,0,0,1,0,1,0,0,0,0,0,1,0,0,0,0,0,0,0,1,0,0,1,0,1,0
622,32,No,13,4,2,3,4403,9250,11,3,3,2,2,5,0,3,0,0,1,0,0,1,0,1,0,0,0,0,0,1,0,0,0,0,0,0,0,1,0,1,0,0,0,0
623,30,No,5,4,2,2,3761,2373,12,2,3,2,4,5,0,3,0,1,0,0,1,0,0,1,0,0,0,0,0,1,0,0,0,0,0,0,1,0,0,1,0,0,0,0
624,53,No,7,2,1,2,10934,20715,18,4,3,3,2,5,0,4,0,0,1,0,0,1,0,0,1,0,0,0,1,0,0,0,0,0,0,0,0,1,0,0,1,0,1,0
625,45,No,9,3,4,3,10761,19239,12,3,3,3,4,5,0,2,0,0,1,0,0,1,0,0,1,0,0,0,0,1,0,0,0,0,0,0,0,1,0,1,0,0,1,0
626,32,No,8,2,3,4,5175,22162,12,3,3,2,3,5,1,3,0,0,1,0,1,0,0,0,0,1,0,0,1,0,0,0,0,0,0,0,1,0,0,0,1,0,0,0
627,52,No,25,4,3,2,13826,19028,22,3,4,3,8,9,0,0,0,1,0,0,1,0,0,0,0,1,0,0,1,0,0,0,0,0,1,0,0,0,0,0,1,0,0,0
628,37,No,16,4,4,2,6334,24558,19,4,3,3,0,1,0,0,0,0,1,0,0,1,0,0,1,0,0,0,0,1,0,0,0,0,0,0,0,1,0,1,0,0,0,0
629,28,No,8,2,2,2,4936,23965,13,4,3,3,1,5,0,4,0,0,1,1,0,0,0,0,0,1,0,0,0,1,0,1,0,0,0,0,0,0,0,1,0,0,0,0
630,22,No,1,2,4,2,4775,19146,22,1,4,1,2,2,2,2,0,0,1,0,1,0,0,1,0,0,0,0,0,1,0,0,0,0,1,0,0,0,0,0,1,0,0,0
631,44,No,8,4,1,4,2818,5044,24,3,4,2,2,3,0,2,0,0,1,0,1,0,0,1,0,0,0,0,0,1,0,0,1,0,0,0,0,0,0,0,1,0,1,0
632,42,No,2,1,2,3,2515,9068,14,4,3,3,1,2,2,2,0,1,0,0,1,0,0,0,0,1,0,0,0,1,0,0,0,0,0,0,1,0,0,0,0,1,1,0
633,36,No,8,3,1,2,2342,8635,21,3,4,3,4,5,0,3,0,0,1,1,0,0,0,1,0,0,0,0,0,1,0,1,0,0,0,0,0,0,0,0,1,0,0,0
634,25,No,3,1,3,3,4194,14363,18,4,3,3,3,5,0,3,0,0,1,0,0,1,0,0,0,0,1,0,0,1,0,0,0,0,0,0,0,1,0,0,1,0,1,0
635,35,No,9,3,4,2,10685,23457,20,2,4,3,14,17,5,15,0,0,1,0,1,0,0,1,0,0,0,0,1,0,0,0,0,0,1,0,0,0,0,0,1,0,1,0
636,35,Yes,25,4,4,3,2022,16612,19,1,3,2,2,10,7,8,0,1,0,0,1,0,0,1,0,0,0,0,1,0,0,0,0,0,0,0,1,0,0,1,0,0,1,1
637,32,No,1,3,4,3,2314,9148,12,2,3,3,0,3,0,2,1,0,0,0,1,0,0,1,0,0,0,0,0,1,0,0,1,0,0,0,0,0,0,1,0,0,0,0
638,25,No,4,1,3,2,4256,18154,12,1,3,4,2,5,0,3,0,0,1,0,0,1,0,0,1,0,0,0,0,1,0,0,0,0,0,0,0,1,0,0,1,0,0,0
639,49,No,1,3,3,3,3580,10554,16,2,3,3,2,4,0,2,0,0,1,0,1,0,0,0,0,0,0,1,1,0,0,0,0,0,0,0,1,0,0,0,1,0,0,0
640,24,No,4,1,1,2,3162,10778,17,4,3,2,2,5,3,4,1,0,0,0,1,0,0,1,0,0,0,0,0,1,0,0,1,0,0,0,0,0,0,0,1,0,0,0
641,32,No,5,2,2,3,6524,8891,14,4,3,3,8,10,5,3,0,1,0,0,0,1,0,1,0,0,0,0,0,1,0,0,0,0,0,0,0,1,0,0,1,0,0,0
642,38,No,9,3,2,2,2899,12102,19,4,3,3,2,2,1,2,0,0,1,0,0,1,0,0,1,0,0,0,0,1,0,0,0,0,0,0,0,0,1,0,1,0,0,0
643,42,No,3,3,3,4,5231,23726,13,2,3,2,3,5,1,3,0,0,1,0,1,0,0,1,0,0,0,0,1,0,0,0,1,0,0,0,0,0,0,0,1,0,1,0
644,31,No,11,4,4,3,2356,14871,19,2,3,3,4,6,0,2,0,0,1,0,1,0,0,1,0,0,0,0,0,1,0,0,0,0,0,0,1,0,0,0,1,0,1,0
645,29,Yes,1,3,2,2,2800,23522,19,3,3,3,2,3,0,2,0,0,1,0,0,1,0,0,0,1,0,0,1,0,0,0,0,0,0,0,0,0,1,1,0,0,1,1
646,53,No,8,3,1,3,11836,22789,14,3,3,3,0,2,2,2,0,0,1,0,0,1,0,0,1,0,0,0,0,1,0,0,0,0,0,0,0,1,0,0,1,0,0,0
647,35,No,25,3,4,2,10903,9129,16,1,3,3,10,13,4,8,0,0,1,0,1,0,0,0,0,0,0,1,0,1,0,0,0,0,1,0,0,0,0,0,1,0,0,0
648,37,No,21,2,3,3,2973,21222,15,2,3,3,4,5,0,0,0,1,0,0,0,1,0,0,0,1,0,0,1,0,0,0,0,0,0,0,0,0,1,0,1,0,0,0
649,53,No,23,4,4,3,14275,20206,18,3,3,3,9,12,3,8,0,0,1,0,1,0,0,1,0,0,0,0,1,0,0,0,0,0,0,1,0,0,0,0,0,1,0,0
650,43,No,1,3,4,3,5562,21782,13,2,3,2,2,5,2,2,0,1,0,0,1,0,0,1,0,0,0,0,1,0,1,0,0,0,0,0,0,0,0,0,1,0,0,0
651,47,No,2,2,3,3,4537,17783,22,1,4,3,6,7,7,7,0,0,1,0,0,1,0,0,1,0,0,0,1,0,0,0,0,0,0,0,0,1,0,0,1,0,1,0
652,37,No,19,2,1,3,7642,4814,13,4,3,3,0,10,0,9,1,0,0,0,0,1,0,0,0,1,0,0,0,1,0,0,0,0,0,0,0,1,0,0,0,1,1,0
653,50,No,2,4,1,3,17924,4544,11,4,3,3,6,31,14,7,1,0,0,0,1,0,0,1,0,0,0,0,0,1,0,0,0,1,0,0,0,0,0,1,0,0,0,0
654,39,No,2,3,4,2,5204,7790,11,3,3,3,4,5,0,4,0,0,1,1,0,0,0,1,0,0,0,0,1,0,0,1,0,0,0,0,0,0,0,0,1,0,0,0
655,33,No,3,2,4,3,2277,22650,11,3,3,4,3,4,0,3,0,0,1,1,0,0,1,0,0,0,0,0,0,1,0,1,0,0,0,0,0,0,0,1,0,0,1,0
656,32,Yes,25,4,1,3,2795,18016,24,3,4,1,0,1,0,1,0,0,1,0,1,0,0,1,0,0,0,0,0,1,0,0,1,0,0,0,0,0,0,0,0,1,1,1
657,29,No,7,1,1,2,2532,6054,14,3,3,3,3,4,0,3,0,0,1,0,1,0,0,0,0,1,0,0,1,0,0,0,1,0,0,0,0,0,0,1,0,0,0,0
658,44,No,9,2,2,3,2559,7508,13,4,3,3,7,8,7,1,0,0,1,0,1,0,0,1,0,0,0,0,0,1,0,0,0,0,0,0,1,0,0,0,1,0,1,0
659,28,No,5,4,1,3,4908,24252,14,2,3,3,2,4,0,2,0,0,1,0,0,1,0,0,0,1,0,0,0,1,0,0,0,0,0,0,0,1,0,0,0,1,0,0
660,58,Yes,2,1,4,2,2380,13384,14,4,3,2,0,1,0,0,0,1,0,0,1,0,0,1,0,0,0,0,0,1,0,0,1,0,0,0,0,0,0,1,0,0,1,1
661,43,No,8,3,1,3,4765,23814,21,3,4,4,0,1,0,0,0,0,1,0,1,0,0,1,0,0,0,0,1,0,0,0,0,0,1,0,0,0,0,1,0,0,0,0
662,20,Yes,2,3,3,2,2044,22052,13,4,3,2,2,2,0,2,0,0,1,0,0,1,0,0,0,1,0,0,1,0,0,0,0,0,0,0,0,0,1,0,0,1,0,1
663,21,Yes,18,1,4,3,2693,8870,19,1,3,2,0,1,0,0,0,0,1,0,1,0,0,0,0,0,1,0,1,0,0,0,0,0,0,0,1,0,0,0,0,1,0,1
664,36,No,14,1,3,3,6586,4821,17,1,3,2,8,16,4,11,0,0,1,0,1,0,0,1,0,0,0,0,0,1,1,0,0,0,0,0,0,0,0,0,1,0,1,0
665,47,No,2,4,4,2,3294,13137,18,1,3,2,2,3,1,2,0,0,1,0,0,1,0,1,0,0,0,0,1,0,0,0,0,0,0,0,0,0,1,0,0,1,1,0
666,22,Yes,3,1,2,3,4171,10022,19,1,3,4,2,3,0,2,0,0,1,0,1,0,0,1,0,0,0,0,1,0,0,0,0,0,1,0,0,0,0,0,1,0,1,1
667,41,Yes,2,4,2,1,2778,17725,13,3,3,2,7,7,1,0,0,0,1,0,1,0,0,1,0,0,0,0,1,0,0,0,1,0,0,0,0,0,0,1,0,0,1,1
668,28,No,9,3,3,3,2377,9834,18,2,3,3,2,2,2,2,0,0,1,0,1,0,0,0,0,1,0,0,1,0,0,0,0,0,0,0,1,0,0,1,0,0,0,0
669,39,Yes,6,3,4,3,2404,4303,21,4,4,1,2,2,2,2,0,0,1,0,1,0,0,0,0,1,0,0,0,1,0,0,1,0,0,0,0,0,0,0,1,0,1,1
670,27,No,4,3,2,3,2318,17808,19,3,3,3,1,1,0,0,0,0,1,0,1,0,0,1,0,0,0,0,1,0,0,0,0,0,0,0,1,0,0,0,0,1,0,0
671,34,No,10,3,2,3,2008,6896,14,2,3,3,0,1,1,0,0,0,1,0,1,0,0,1,0,0,0,0,0,1,0,0,1,0,0,0,0,0,0,1,0,0,0,0
672,42,No,14,2,3,2,6244,7824,17,1,3,3,4,5,0,3,0,0,1,0,0,1,0,0,0,1,0,0,1,0,0,0,0,0,0,0,0,1,0,0,0,1,0,0
673,33,No,1,4,3,2,2799,3339,11,2,3,3,2,3,0,2,0,0,1,0,1,0,0,0,0,0,1,0,0,1,0,0,0,0,0,0,1,0,0,0,0,1,1,0
674,58,No,5,3,3,2,10552,9255,13,4,3,3,0,6,0,4,0,0,1,0,1,0,0,0,0,0,0,1,1,0,1,0,0,0,0,0,0,0,0,1,0,0,1,0
675,31,No,7,4,2,2,2329,11737,15,2,3,4,7,7,5,2,0,0,1,0,0,1,0,1,0,0,0,0,0,1,0,0,0,0,0,0,0,0,1,0,1,0,0,0
676,35,No,21,1,4,3,4014,19170,25,4,4,1,6,10,0,7,0,0,1,0,1,0,0,1,0,0,0,0,1,0,1,0,0,0,0,0,0,0,0,0,1,0,1,0
677,49,No,8,2,1,3,7403,22477,11,3,3,2,9,26,1,7,0,0,1,0,1,0,0,0,0,0,1,0,1,0,0,0,1,0,0,0,0,0,0,0,1,0,0,0
678,48,No,20,4,4,3,2259,5543,17,1,3,2,0,0,0,0,0,0,1,0,1,0,0,0,0,1,0,0,0,1,0,0,0,0,0,0,1,0,0,0,1,0,0,0
679,31,No,20,2,4,3,6932,24406,13,4,3,2,8,9,0,0,1,0,0,0,0,1,0,0,1,0,0,0,1,0,0,0,0,0,0,0,0,1,0,0,1,0,0,0
680,36,No,7,4,2,3,4678,23293,18,3,3,3,2,6,0,1,0,0,1,0,1,0,0,0,0,0,1,0,0,1,0,0,0,0,0,0,1,0,0,0,0,1,0,0
681,38,No,1,3,4,3,13582,16292,13,2,3,3,12,15,5,11,0,0,1,0,1,0,0,0,0,0,0,1,1,0,0,0,0,0,0,1,0,0,0,0,1,0,0,0
682,32,No,1,3,3,2,2332,3974,20,3,4,3,0,3,0,2,1,0,0,0,1,0,0,1,0,0,0,0,1,0,0,0,1,0,0,0,0,0,0,0,1,0,0,0
683,25,Yes,19,2,3,2,2413,18798,18,3,3,3,0,1,0,0,0,0,1,0,0,1,0,0,1,0,0,0,0,1,0,0,0,0,0,0,0,0,1,0,1,0,1,1
684,40,No,10,4,1,2,9705,20652,12,2,3,2,0,1,0,0,0,0,1,0,0,1,0,0,1,0,0,0,0,1,0,0,0,0,0,0,0,1,0,1,0,0,0,0
685,26,No,1,3,3,2,4294,11148,12,2,3,3,7,7,0,7,0,1,0,0,0,1,0,0,0,1,0,0,0,1,0,0,0,0,0,0,0,1,0,0,0,1,0,0
686,41,No,6,3,4,3,4721,3119,13,3,3,3,13,18,2,17,0,0,1,0,1,0,0,0,0,1,0,0,0,1,0,0,1,0,0,0,0,0,0,0,0,1,1,0
687,36,No,2,4,3,3,2519,12287,21,3,4,3,8,11,3,9,0,0,1,0,1,0,0,0,0,1,0,0,0,1,0,0,1,0,0,0,0,0,0,0,0,1,0,0
688,19,Yes,21,3,4,2,2121,9947,13,2,3,4,0,1,0,0,0,0,1,0,0,1,0,0,0,0,1,0,0,1,0,0,0,0,0,0,0,0,1,0,0,1,1,1
689,20,Yes,4,3,1,3,2973,13008,19,2,3,3,0,1,0,0,0,0,1,0,1,0,0,0,0,0,0,1,0,1,0,0,1,0,0,0,0,0,0,0,0,1,0,1
690,31,No,12,3,4,3,5855,17369,11,3,3,1,7,9,8,5,0,0,1,0,1,0,0,0,0,1,0,0,1,0,1,0,0,0,0,0,0,0,0,0,1,0,1,0
691,40,No,9,4,4,3,3617,25063,14,4,3,3,1,1,0,0,0,1,0,0,1,0,0,0,0,1,0,0,0,1,0,0,0,0,0,0,1,0,0,1,0,0,1,0
692,32,No,3,4,3,3,6725,13554,12,3,3,4,7,8,6,3,0,0,1,0,1,0,0,0,0,1,0,0,1,0,0,0,0,0,1,0,0,0,0,0,1,0,0,0
693,36,Yes,3,1,3,2,10325,5518,11,1,3,3,7,16,3,7,0,0,1,0,0,1,0,1,0,0,0,0,0,1,0,0,0,0,0,0,0,1,0,0,1,0,1,1
694,33,No,1,3,2,2,6949,12291,14,1,3,3,0,5,1,4,0,0,1,0,1,0,0,1,0,0,0,0,1,0,1,0,0,0,0,0,0,0,0,0,0,1,0,0
695,37,Yes,1,4,1,2,10609,14922,11,3,3,1,1,14,11,7,0,0,1,0,0,1,0,1,0,0,0,0,0,1,0,0,0,0,0,0,0,1,0,0,1,0,0,1
696,45,No,4,2,3,3,4447,23163,12,2,3,2,7,9,0,8,1,0,0,0,1,0,0,1,0,0,0,0,0,1,0,0,1,0,0,0,0,0,0,0,1,0,0,0
697,29,No,20,3,3,3,2157,18203,15,2,3,3,1,3,0,2,0,1,0,0,0,1,0,0,0,0,0,1,1,0,0,0,0,0,0,0,0,0,1,0,1,0,0,0
698,35,No,18,3,3,3,4601,6179,16,2,3,3,2,5,1,0,0,0,1,0,0,1,0,0,0,1,0,0,1,0,0,0,0,0,0,0,0,1,0,0,1,0,0,0
699,52,No,1,2,4,3,17099,13829,15,2,3,2,8,9,7,8,0,0,1,0,1,0,0,1,0,0,0,0,0,1,0,0,0,1,0,0,0,0,0,0,1,0,0,0
700,58,Yes,2,3,4,3,2479,26227,24,1,4,3,0,1,0,0,0,0,1,0,1,0,0,0,0,0,0,1,0,1,0,0,0,0,0,0,1,0,0,0,0,1,0,1
701,53,No,2,2,3,3,14852,13938,13,3,3,4,13,17,15,2,0,0,1,0,0,1,0,0,0,1,0,0,0,1,0,0,0,1,0,0,0,0,0,1,0,0,0,0
702,30,No,8,2,3,3,7264,9977,11,1,3,4,4,8,7,7,0,0,1,0,0,1,0,0,0,0,1,0,0,1,0,0,0,0,0,0,0,1,0,1,0,0,0,0
703,38,No,10,3,3,3,5666,19899,13,2,3,3,3,5,1,3,1,0,0,0,0,1,0,0,0,0,0,1,1,0,0,0,0,0,0,0,0,1,0,0,0,1,1,0
704,35,No,3,4,4,3,7823,6812,13,2,3,3,9,10,0,8,0,0,1,0,0,1,0,1,0,0,0,0,0,1,0,0,0,0,0,0,0,1,0,1,0,0,0,0
705,39,No,2,5,1,4,7880,2560,18,4,3,3,7,8,0,7,0,0,1,0,0,1,0,1,0,0,0,0,0,1,0,0,0,0,0,0,0,1,0,0,0,1,0,0
706,40,Yes,24,3,2,4,13194,17071,16,4,3,2,0,1,0,0,1,0,0,0,0,1,0,1,0,0,0,0,1,0,0,0,0,0,0,0,0,1,0,0,0,1,1,1
707,47,No,16,4,3,4,5067,6759,19,3,3,4,10,19,2,7,0,1,0,0,1,0,0,0,0,1,0,0,0,1,0,0,0,0,1,0,0,0,0,1,0,0,1,0
708,36,No,8,4,1,3,5079,25952,13,4,3,3,7,7,0,7,1,0,0,0,0,1,0,0,0,0,0,1,0,1,0,0,0,0,0,0,0,1,0,1,0,0,0,0
709,31,Yes,9,2,3,2,2321,10322,22,1,4,3,2,3,1,2,1,0,0,0,1,0,0,0,0,1,0,0,0,1,0,0,0,0,0,0,1,0,0,0,0,1,1,1
710,33,No,17,3,4,3,17444,20489,11,4,3,3,8,10,6,0,1,0,0,0,0,1,0,1,0,0,0,0,0,1,0,0,0,1,0,0,0,0,0,0,0,1,0,0
711,29,Yes,10,3,4,2,2404,11479,20,3,4,3,0,0,0,0,0,0,1,0,1,0,0,1,0,0,0,0,1,0,0,0,0,0,0,0,1,0,0,0,0,1,1,1
712,33,No,13,1,2,3,3452,17241,18,1,3,3,2,3,0,2,0,0,1,0,1,0,0,1,0,0,0,0,1,0,0,0,0,0,0,0,1,0,0,0,0,1,0,0
713,45,No,1,4,4,3,2270,11005,14,4,3,3,3,5,0,2,0,0,1,0,1,0,0,0,0,1,0,0,1,0,0,0,1,0,0,0,0,0,0,1,0,0,0,0
714,50,No,1,2,4,3,17399,6615,22,3,4,2,4,5,1,3,0,0,1,0,1,0,0,0,0,1,0,0,0,1,0,0,0,0,0,1,0,0,0,1,0,0,0,0
715,33,No,1,4,3,4,5488,20161,13,1,3,3,5,6,1,2,0,1,0,0,1,0,0,0,0,0,1,0,1,0,1,0,0,0,0,0,0,0,0,0,1,0,1,0
716,41,No,9,3,1,3,19419,3735,17,2,3,4,16,18,0,11,0,1,0,0,1,0,0,0,0,1,0,0,0,1,0,0,0,0,0,1,0,0,0,1,0,0,0,0
717,27,No,16,4,3,3,2811,12086,14,2,3,3,2,2,2,2,0,0,1,0,1,0,0,0,0,0,0,1,1,0,0,0,1,0,0,0,0,0,0,0,1,0,0,0
718,45,No,23,2,4,3,3633,14039,15,3,3,3,8,9,0,8,1,0,0,0,1,0,0,1,0,0,0,0,0,1,0,0,1,0,0,0,0,0,0,0,1,0,1,0
719,47,No,4,2,4,3,4163,8571,17,3,3,3,0,9,0,7,0,0,1,0,0,1,0,1,0,0,0,0,1,0,0,0,0,0,0,0,0,1,0,0,0,1,1,0
720,30,Yes,22,3,1,3,2132,11539,11,2,3,3,2,5,0,1,0,0,1,0,1,0,0,1,0,0,0,0,1,0,0,0,0,0,0,0,1,0,0,0,1,0,1,1
721,50,No,24,3,4,3,13973,4161,18,4,3,3,11,12,1,5,0,0,1,0,1,0,0,1,0,0,0,0,0,1,0,0,0,0,1,0,0,0,0,0,1,0,1,0
722,38,No,10,1,3,3,2684,12127,17,2,3,2,1,2,0,2,0,1,0,0,1,0,0,0,0,1,0,0,0,1,0,0,0,0,0,0,1,0,0,0,1,0,0,0
723,46,No,7,2,4,3,10845,24208,13,2,3,3,7,8,0,7,0,0,1,0,1,0,0,0,0,1,0,0,0,1,0,0,0,0,1,0,0,0,0,1,0,0,0,0
724,24,No,17,1,4,2,4377,24117,15,2,3,3,2,4,3,2,0,0,1,0,1,0,0,0,0,1,0,0,1,0,0,0,0,0,1,0,0,0,0,1,0,0,0,0
725,35,Yes,14,4,3,2,3743,10074,24,4,4,1,2,4,0,2,0,0,1,0,1,0,0,0,0,0,1,0,0,1,0,0,1,0,0,0,0,0,0,1,0,0,1,1
726,31,No,1,1,3,3,4148,11275,12,3,3,3,3,4,0,3,0,1,0,0,1,0,0,1,0,0,0,0,1,0,0,0,0,0,1,0,0,0,0,0,1,0,0,0
727,18,No,5,2,2,3,1051,13493,15,4,3,3,0,0,0,0,1,0,0,0,1,0,0,1,0,0,0,0,0,1,0,0,0,0,0,0,1,0,0,0,0,1,0,0
728,54,No,17,3,3,3,10739,13943,11,3,3,3,7,10,0,8,0,0,1,0,1,0,0,0,0,0,0,1,1,0,0,0,0,0,1,0,0,0,0,0,1,0,0,0
729,35,No,25,4,3,3,10388,6975,11,3,3,2,10,16,10,1,0,0,1,0,1,0,0,0,0,1,0,0,1,0,1,0,0,0,0,0,0,0,0,1,0,0,1,0
730,30,No,8,2,2,4,11416,17802,12,3,3,2,7,8,1,7,0,0,1,0,1,0,0,1,0,0,0,0,1,0,0,0,0,0,0,1,0,0,0,0,1,0,1,0
731,20,Yes,11,3,4,2,2600,18275,15,1,3,3,0,1,0,0,0,0,1,0,1,0,0,0,0,1,0,0,1,0,0,0,0,0,0,0,1,0,0,0,0,1,1,1
732,30,Yes,5,3,2,3,2422,25725,17,1,3,3,2,3,1,2,0,1,0,0,1,0,0,0,0,1,0,0,1,0,0,0,1,0,0,0,0,0,0,0,0,1,0,1
733,26,No,2,2,4,4,5472,3334,12,2,3,3,7,8,1,3,0,0,1,0,1,0,0,0,0,1,0,0,0,1,0,0,0,0,1,0,0,0,0,0,1,0,0,0
734,22,No,8,1,2,1,2451,6881,15,1,3,2,3,4,1,1,0,0,1,0,1,0,0,1,0,0,0,0,0,1,0,0,1,0,0,0,0,0,0,0,1,0,0,0
735,48,No,6,3,1,2,4240,13119,13,4,3,3,2,2,2,2,0,0,1,0,1,0,0,1,0,0,0,0,0,1,1,0,0,0,0,0,0,0,0,0,0,1,0,0
736,48,No,4,4,3,2,10999,22245,14,2,3,3,11,15,4,8,0,0,1,0,1,0,0,1,0,0,0,0,0,1,1,0,0,0,0,0,0,0,0,0,0,1,0,0
737,41,No,7,2,4,3,5003,23371,14,2,3,3,2,2,2,1,0,0,1,0,1,0,0,0,0,1,0,0,1,0,0,0,0,0,1,0,0,0,0,0,0,1,0,0
738,39,No,1,1,4,2,12742,7060,16,3,3,3,6,21,11,8,0,0,1,0,1,0,0,1,0,0,0,0,1,0,0,0,0,0,1,0,0,0,0,0,1,0,0,0
739,27,No,2,4,1,3,4227,4658,18,2,3,3,2,3,2,2,0,0,1,0,1,0,0,1,0,0,0,0,1,0,0,0,0,0,1,0,0,0,0,0,1,0,0,0
740,35,No,10,3,2,3,3917,9541,20,1,4,2,2,3,1,2,0,0,1,0,1,0,0,0,0,0,1,0,0,1,0,0,1,0,0,0,0,0,0,1,0,0,0,0
741,42,No,5,2,4,3,18303,7770,13,2,3,4,0,1,0,0,0,0,1,0,0,1,0,0,1,0,0,0,0,1,0,0,0,1,0,0,0,0,0,0,1,0,0,0
742,50,No,9,3,1,3,2380,20165,18,2,3,3,0,1,0,0,0,0,1,0,1,0,0,1,0,0,0,0,0,1,0,0,1,0,0,0,0,0,0,0,1,0,0,0
743,59,No,2,3,3,2,13726,21829,13,1,3,3,3,5,4,3,0,0,1,0,1,0,0,1,0,0,0,0,1,0,0,0,0,0,1,0,0,0,0,0,0,1,1,0
744,37,Yes,11,2,1,1,4777,14382,15,1,3,1,0,1,0,0,0,0,1,0,1,0,0,0,0,1,0,0,1,0,1,0,0,0,0,0,0,0,0,0,1,0,0,1
745,55,No,18,4,3,3,6385,12992,14,4,3,3,7,8,6,7,0,1,0,0,1,0,0,0,0,1,0,0,0,1,1,0,0,0,0,0,0,0,0,0,1,0,1,0
746,41,No,7,1,2,1,19973,20284,22,2,4,3,16,21,5,10,1,0,0,0,1,0,0,1,0,0,0,0,1,0,0,0,0,0,0,1,0,0,0,1,0,0,0,0
747,38,No,3,4,2,3,6861,4981,12,3,3,3,0,1,0,0,0,0,1,0,0,1,0,1,0,0,0,0,0,1,0,0,0,0,0,0,0,1,0,0,0,1,1,0
748,26,Yes,29,2,2,1,4969,21813,18,4,3,3,2,2,2,2,1,0,0,0,0,1,0,0,0,1,0,0,0,1,0,0,0,0,0,0,0,1,0,0,0,1,0,1
749,52,Yes,2,1,1,1,19845,25846,15,4,3,3,14,32,6,9,0,0,1,0,0,1,0,0,1,0,0,0,1,0,0,0,0,1,0,0,0,0,0,0,1,0,0,1
750,44,No,28,3,4,4,13320,11737,18,3,3,3,11,12,11,11,0,0,1,0,0,1,0,0,0,1,0,0,1,0,0,0,0,0,0,0,0,1,0,0,1,0,1,0
751,50,No,1,3,4,3,6347,24920,12,1,3,3,7,18,0,13,1,0,0,0,0,1,0,1,0,0,0,0,1,0,0,0,0,0,0,0,0,1,0,0,1,0,0,0
752,36,Yes,16,4,3,4,2743,8269,16,3,3,3,13,17,15,14,0,0,1,0,1,0,0,1,0,0,0,0,1,0,0,0,1,0,0,0,0,0,0,0,0,1,0,1
753,39,No,22,3,4,3,10880,5083,13,3,3,3,6,21,2,8,0,1,0,0,1,0,0,0,0,1,0,0,1,0,0,0,0,0,1,0,0,0,0,0,0,1,1,0
754,33,No,8,1,2,2,2342,21437,19,4,3,2,2,2,2,2,1,0,0,0,0,1,0,1,0,0,0,0,1,0,0,0,0,0,0,0,0,0,1,0,0,1,0,0
755,45,No,11,2,4,3,17650,5404,13,2,3,4,3,9,1,1,0,0,1,0,0,1,0,1,0,0,0,0,1,0,0,0,0,1,0,0,0,0,0,0,1,0,0,0
756,32,No,29,4,4,3,4025,11135,12,2,3,3,7,8,7,7,1,0,0,0,1,0,0,0,0,1,0,0,1,0,0,0,1,0,0,0,0,0,0,0,0,1,0,0
757,34,No,1,4,2,4,9725,12278,11,4,3,2,1,15,0,9,0,0,1,0,0,1,0,0,1,0,0,0,0,1,0,0,0,0,0,0,0,1,0,1,0,0,0,0
758,59,No,1,2,2,3,11904,11038,14,3,3,1,4,6,0,4,0,0,1,0,0,1,0,0,0,0,0,1,0,1,0,0,0,1,0,0,0,0,0,0,1,0,1,0
759,45,No,24,4,2,3,2177,8318,16,1,3,3,3,6,0,4,0,0,1,1,0,0,0,0,0,1,0,0,0,1,0,1,0,0,0,0,0,0,0,0,0,1,0,0
760,53,No,2,3,3,2,7525,23537,12,1,3,3,7,15,6,12,0,1,0,0,0,1,0,0,1,0,0,0,1,0,0,0,0,0,0,0,0,1,0,0,1,0,0,0
761,36,Yes,15,3,1,3,4834,7858,14,2,3,2,0,1,0,0,0,0,1,0,1,0,0,0,0,0,1,0,0,1,0,0,1,0,0,0,0,0,0,1,0,0,0,1
762,26,Yes,2,3,1,3,2042,15346,14,2,3,3,2,3,1,2,0,1,0,0,1,0,0,1,0,0,0,0,0,1,0,0,0,0,0,0,1,0,0,0,1,0,1,1
763,34,No,10,4,3,3,2220,18410,19,4,3,3,1,1,0,0,0,0,1,0,0,1,0,1,0,0,0,0,1,0,0,0,0,0,0,0,0,0,1,0,1,0,1,0
764,28,No,10,1,4,3,1052,23384,22,2,4,3,0,1,0,0,0,0,1,0,0,1,0,0,0,1,0,0,0,1,0,0,0,0,0,0,0,0,1,0,1,0,0,0
765,38,No,3,4,3,3,2821,2997,16,1,3,3,2,2,2,2,0,1,0,0,1,0,0,0,0,0,1,0,0,1,0,0,0,0,0,0,1,0,0,0,1,0,0,0
766,50,No,2,4,2,3,19237,12853,11,4,3,2,1,8,7,7,0,0,1,0,1,0,0,0,0,1,0,0,0,1,0,0,0,0,0,1,0,0,0,0,1,0,1,0
767,37,No,3,3,4,3,4107,13848,15,1,3,2,3,4,0,1,0,0,1,0,1,0,0,0,0,0,1,0,1,0,1,0,0,0,0,0,0,0,0,0,0,1,0,0
768,40,No,26,3,3,3,8396,22217,14,2,3,2,7,7,7,5,0,0,1,0,0,1,0,0,1,0,0,0,0,1,0,0,0,0,0,0,0,1,0,0,1,0,0,0
769,26,No,1,1,1,2,2007,25265,13,3,3,3,3,5,1,3,0,1,0,0,1,0,0,0,0,1,0,0,1,0,0,0,0,0,0,0,1,0,0,1,0,0,0,0
770,46,No,1,4,4,3,19627,21445,17,4,3,3,2,2,2,2,0,0,1,0,1,0,0,0,0,1,0,0,0,1,0,0,0,0,0,1,0,0,0,1,0,0,0,0
771,54,No,2,4,3,2,10686,8392,11,2,3,3,4,9,7,0,0,0,1,0,0,1,0,1,0,0,0,0,1,0,0,0,0,0,0,0,0,1,0,0,1,0,0,0
772,56,No,9,3,1,3,2942,12154,19,2,3,3,4,5,0,3,0,1,0,0,1,0,0,0,0,1,0,0,1,0,0,0,0,0,0,0,1,0,0,0,1,0,0,0
773,36,No,12,5,4,2,8858,15669,11,2,3,2,8,14,7,8,0,0,1,0,1,0,0,0,0,1,0,0,1,0,0,0,0,0,1,0,0,0,0,0,0,1,0,0
774,55,No,2,1,3,2,16756,17323,15,2,3,4,7,9,6,2,1,0,0,0,1,0,0,0,0,1,0,0,0,1,0,0,0,1,0,0,0,0,0,0,0,1,0,0
775,43,No,25,3,3,2,10798,5268,13,3,3,3,0,1,0,0,0,0,1,0,0,1,0,0,0,1,0,0,0,1,0,0,0,0,0,0,0,1,0,1,0,0,0,0
776,20,Yes,9,3,4,3,2323,17205,14,2,3,3,2,2,0,2,0,1,0,0,0,1,0,0,1,0,0,0,1,0,0,0,0,0,0,0,0,0,1,0,0,1,1,1
777,21,Yes,10,3,3,2,1416,17258,13,1,3,2,0,1,1,0,0,0,1,0,1,0,0,1,0,0,0,0,1,0,0,0,1,0,0,0,0,0,0,0,0,1,0,1
778,46,No,8,4,4,2,4615,21029,23,1,4,3,13,16,1,7,0,0,1,0,1,0,0,1,0,0,0,0,1,0,0,0,0,0,0,0,1,0,0,1,0,0,1,0
779,51,Yes,4,4,1,3,2461,10332,12,3,3,4,0,10,2,7,0,0,1,0,1,0,0,1,0,0,0,0,0,1,0,0,0,0,0,0,1,0,0,0,1,0,1,1
780,28,Yes,24,2,2,2,8722,12355,12,1,3,2,7,10,1,9,1,0,0,0,1,0,0,0,0,0,0,1,0,1,1,0,0,0,0,0,0,0,0,0,0,1,0,1
781,26,No,1,2,1,2,3955,11141,16,1,3,3,3,5,1,3,0,0,1,0,1,0,0,0,0,1,0,0,0,1,0,0,1,0,0,0,0,0,0,0,1,0,0,0
782,30,No,20,3,3,3,9957,9096,15,3,3,2,2,6,0,2,0,0,1,0,1,0,0,0,0,0,1,0,0,1,0,0,0,0,1,0,0,0,0,0,1,0,0,0
783,41,No,7,2,2,4,3376,18863,13,3,3,3,6,10,0,8,0,0,1,0,1,0,0,0,0,0,0,1,1,0,0,0,0,0,0,0,1,0,0,0,1,0,0,0
784,38,No,17,1,3,2,8823,24608,18,1,3,2,9,19,1,9,0,0,1,0,1,0,0,1,0,0,0,0,1,0,1,0,0,0,0,0,0,0,0,0,1,0,0,0
785,40,No,20,4,1,3,10322,26542,20,4,4,3,10,11,11,1,0,0,1,0,1,0,0,0,0,0,0,1,0,1,1,0,0,0,0,0,0,0,0,0,1,0,0,0
786,27,No,8,5,1,1,4621,5869,19,4,3,3,2,3,1,2,1,0,0,0,1,0,0,1,0,0,0,0,0,1,0,0,1,0,0,0,0,0,0,0,1,0,0,0
787,55,No,2,1,4,3,10976,15813,18,2,3,3,2,3,1,2,0,1,0,0,1,0,0,1,0,0,0,0,0,1,0,0,0,0,1,0,0,0,0,0,1,0,0,0
788,28,No,10,3,3,3,3660,7909,13,4,3,4,7,8,1,7,0,0,1,0,1,0,0,0,0,0,1,0,1,0,0,0,0,0,0,0,1,0,0,0,0,1,0,0
789,44,Yes,1,2,2,2,10482,2326,14,4,3,3,6,20,3,6,0,0,1,1,0,0,0,0,0,1,0,0,0,1,0,1,0,0,0,0,0,0,0,0,1,0,0,1
790,33,No,5,3,4,2,7119,21214,15,3,3,3,2,3,1,2,0,0,1,0,1,0,0,1,0,0,0,0,0,1,1,0,0,0,0,0,0,0,0,1,0,0,0,0
791,35,Yes,4,3,4,3,9582,10333,22,1,4,3,7,8,4,7,0,0,1,0,0,1,0,0,0,0,0,1,0,1,0,0,0,0,0,0,0,1,0,0,0,1,1,1
792,33,Yes,29,4,1,2,4508,3129,22,2,4,3,7,13,3,8,0,1,0,0,1,0,0,0,0,1,0,0,1,0,0,0,0,0,0,0,1,0,0,0,0,1,0,1
793,28,No,15,2,1,3,2207,22482,16,4,3,2,2,4,2,2,0,0,1,0,1,0,0,1,0,0,0,0,0,1,0,0,1,0,0,0,0,0,0,1,0,0,0,0
794,34,No,3,1,1,3,7756,22266,17,3,3,2,2,6,0,4,0,1,0,0,1,0,0,1,0,0,0,0,0,1,1,0,0,0,0,0,0,0,0,0,0,1,0,0
795,37,No,10,4,4,2,6694,24223,14,3,3,3,0,1,0,0,0,0,1,0,0,1,0,1,0,0,0,0,1,0,0,0,0,0,0,0,0,1,0,1,0,0,1,0
796,25,Yes,4,1,4,3,3691,4605,15,2,3,4,7,7,5,6,0,0,1,0,1,0,0,0,0,0,0,1,0,1,0,0,1,0,0,0,0,0,0,0,1,0,1,1
797,26,Yes,21,3,1,3,2377,19373,20,3,4,2,1,1,0,0,0,0,1,0,1,0,0,0,0,1,0,0,0,1,0,0,1,0,0,0,0,0,0,1,0,0,0,1
798,33,Yes,25,3,1,2,2313,2993,20,2,4,3,2,2,2,2,0,0,1,0,1,0,0,0,0,1,0,0,0,1,0,0,0,0,0,0,1,0,0,0,0,1,1,1
799,42,No,2,2,4,3,17665,14399,17,4,3,3,6,22,13,7,0,0,1,0,1,0,0,0,0,1,0,0,0,1,0,0,0,1,0,0,0,0,0,0,1,0,0,0
800,28,Yes,1,3,1,2,2596,7160,15,1,3,3,0,1,0,0,0,1,0,0,1,0,0,0,0,1,0,0,0,1,0,0,1,0,0,0,0,0,0,1,0,0,0,1
801,50,Yes,1,4,4,3,4728,17251,14,4,3,3,0,0,0,0,0,1,0,0,0,1,0,0,0,0,1,0,0,1,0,0,0,0,0,0,0,1,0,0,0,1,1,1
802,33,No,7,3,4,3,4302,13401,17,3,3,3,2,3,0,2,0,1,0,0,0,1,0,1,0,0,0,0,1,0,0,0,0,0,0,0,0,1,0,0,1,0,0,0
803,34,No,3,4,3,2,2979,22478,17,4,3,3,0,0,0,0,1,0,0,0,1,0,0,1,0,0,0,0,0,1,0,0,0,0,0,0,1,0,0,0,1,0,0,0
804,48,No,1,4,1,4,16885,16154,22,3,4,2,4,5,2,1,1,0,0,0,1,0,0,0,0,1,0,0,0,1,0,0,0,1,0,0,0,0,0,0,0,1,0,0
805,45,No,9,4,2,2,5593,17970,13,4,3,3,10,15,4,12,1,0,0,0,0,1,0,1,0,0,0,0,1,0,0,0,0,0,0,0,0,1,0,0,1,0,0,0
806,52,No,7,4,2,3,10445,15322,19,4,3,3,6,8,4,0,0,0,1,0,1,0,0,1,0,0,0,0,0,1,1,0,0,0,0,0,0,0,0,0,0,1,0,0
807,38,No,10,4,3,2,8740,5569,14,2,3,3,7,8,2,7,0,0,1,0,0,1,0,0,1,0,0,0,0,1,0,0,0,0,0,0,0,1,0,1,0,0,1,0
808,29,No,28,4,3,3,2514,26968,22,1,4,3,5,7,1,7,0,0,1,0,1,0,0,1,0,0,0,0,1,0,0,0,0,0,0,0,1,0,0,1,0,0,0,0
809,28,No,3,3,4,3,7655,8039,17,2,3,2,7,9,1,7,0,0,1,0,1,0,0,0,0,1,0,0,1,0,0,0,0,0,1,0,0,0,0,1,0,0,0,0
810,46,No,3,1,1,3,17465,15596,12,4,3,3,9,12,4,9,0,0,1,0,0,1,0,0,1,0,0,0,0,1,0,0,0,1,0,0,0,0,0,0,1,0,0,0
811,38,No,2,2,4,3,7351,20619,16,3,3,3,0,1,0,0,0,0,1,0,0,1,0,0,1,0,0,0,0,1,0,0,0,0,0,0,0,1,0,0,0,1,0,0
812,43,No,27,3,3,3,10820,11535,11,3,3,3,7,8,0,1,0,1,0,0,1,0,0,1,0,0,0,0,1,0,0,0,0,0,1,0,0,0,0,0,1,0,0,0
813,39,Yes,2,3,1,3,12169,13547,11,4,3,3,7,18,11,5,0,1,0,0,1,0,0,1,0,0,0,0,0,1,1,0,0,0,0,0,0,0,0,1,0,0,0,1
814,40,No,14,3,3,2,19626,17544,14,1,3,4,7,20,4,9,0,0,1,0,1,0,0,0,0,1,0,0,0,1,0,0,0,0,0,1,0,0,0,0,0,1,0,0
815,21,No,1,1,4,2,2070,25326,11,3,3,4,2,2,2,2,0,0,1,0,1,0,0,0,0,0,0,1,1,0,0,0,0,0,0,0,1,0,0,0,0,1,1,0
816,39,No,9,3,3,3,6782,8770,15,3,3,2,4,5,0,3,1,0,0,0,1,0,0,1,0,0,0,0,0,1,0,0,1,0,0,0,0,0,0,0,0,1,0,0
817,36,No,18,4,1,3,7779,23238,20,1,4,3,9,11,0,9,1,0,0,0,1,0,0,1,0,0,0,0,0,1,0,0,0,0,1,0,0,0,0,0,0,1,0,0
818,31,No,20,3,3,4,2791,21981,12,1,3,3,2,2,2,2,0,1,0,0,0,1,0,1,0,0,0,0,0,1,0,0,0,0,0,0,0,0,1,0,1,0,0,0
819,28,No,2,1,1,2,3201,19911,17,1,3,1,3,5,0,4,0,0,1,0,1,0,0,1,0,0,0,0,0,1,0,0,0,0,0,0,1,0,0,0,1,0,0,0
820,35,No,11,2,4,3,4968,18500,11,4,3,3,2,5,0,2,0,1,0,0,0,1,0,0,1,0,0,0,0,1,0,0,0,0,0,0,0,1,0,1,0,0,0,0
821,49,No,8,4,4,2,13120,11879,17,2,3,3,8,9,2,3,0,0,1,0,0,1,0,0,0,0,0,1,0,1,0,0,0,0,0,0,0,1,0,0,1,0,0,0
822,34,No,2,2,4,3,4033,15834,11,4,3,2,2,3,0,2,0,1,0,0,1,0,0,1,0,0,0,0,0,1,0,0,0,0,1,0,0,0,0,0,0,1,0,0
823,29,No,10,3,4,3,3291,17940,14,4,3,2,5,7,1,1,0,1,0,0,1,0,0,1,0,0,0,0,1,0,0,0,0,0,0,0,1,0,0,1,0,0,0,0
824,42,No,29,3,2,1,4272,9558,19,1,3,3,0,1,0,0,0,0,1,0,1,0,0,0,0,1,0,0,0,1,0,0,1,0,0,0,0,0,0,0,0,1,0,0
825,29,No,8,1,2,2,5056,17689,15,3,3,2,7,10,1,2,0,0,1,0,1,0,0,0,0,1,0,0,0,1,0,0,0,0,1,0,0,0,0,0,1,0,1,0
826,38,No,1,3,3,4,2844,6004,13,4,3,4,6,7,5,0,0,0,1,1,0,0,1,0,0,0,0,0,0,1,0,1,0,0,0,0,0,0,0,0,1,0,0,0
827,28,No,6,3,3,2,2703,22088,14,4,3,3,1,3,0,2,0,1,0,0,1,0,0,1,0,0,0,0,0,1,0,0,0,0,0,0,1,0,0,1,0,0,1,0
828,18,Yes,8,1,3,3,1904,13556,12,4,3,3,0,0,0,0,1,0,0,0,1,0,0,0,0,1,0,0,0,1,0,0,1,0,0,0,0,0,0,0,0,1,0,1
829,33,Yes,9,4,1,3,8224,18385,17,1,3,3,2,5,0,3,0,0,1,0,0,1,0,0,1,0,0,0,1,0,0,0,0,0,0,0,0,1,0,0,0,1,1,1
830,41,No,12,4,2,3,4766,9051,11,1,3,3,0,1,0,0,0,0,1,0,1,0,0,1,0,0,0,0,0,1,0,0,1,0,0,0,0,0,0,0,1,0,1,0
831,31,Yes,15,3,3,3,2610,6233,12,3,3,2,2,2,2,2,0,1,0,0,1,0,0,0,0,1,0,0,0,1,0,0,1,0,0,0,0,0,0,0,1,0,0,1
832,37,No,25,2,3,2,5731,17171,13,3,3,3,2,6,1,3,0,0,1,0,1,0,0,0,0,1,0,0,1,0,1,0,0,0,0,0,0,0,0,1,0,0,0,0
833,27,No,6,3,4,2,2539,7950,13,3,3,3,2,4,2,2,0,0,1,0,1,0,0,1,0,0,0,0,0,1,0,0,0,0,0,0,1,0,0,0,1,0,0,0
834,34,No,9,1,2,3,5714,5829,20,1,4,2,5,6,1,3,0,0,1,0,0,1,0,1,0,0,0,0,1,0,0,0,0,0,0,0,0,1,0,0,1,0,0,0
835,35,No,8,4,3,3,4323,7108,17,2,3,1,4,5,1,4,0,0,1,1,0,0,0,0,0,0,0,1,0,1,0,1,0,0,0,0,0,0,0,0,0,1,0,0
836,29,Yes,23,1,4,2,7336,11162,13,1,3,1,8,11,3,10,0,0,1,0,0,1,0,1,0,0,0,0,1,0,0,0,0,0,0,0,0,1,0,0,1,0,0,1
837,40,No,9,4,2,3,13499,13782,17,3,3,2,7,18,2,13,0,1,0,0,1,0,0,0,0,1,0,0,1,0,0,0,0,0,0,1,0,0,0,0,0,1,0,0
838,42,Yes,12,3,3,3,13758,2447,12,2,3,2,9,21,13,14,0,1,0,0,0,1,0,1,0,0,0,0,0,1,0,0,0,0,0,0,0,1,0,0,0,1,1,1
839,42,No,4,4,2,3,5155,2253,13,4,3,4,4,6,1,5,0,0,1,0,0,1,0,0,1,0,0,0,0,1,0,0,0,0,0,0,0,1,0,0,0,1,0,0
840,35,No,1,4,4,2,2258,16340,12,2,3,3,0,8,1,7,0,0,1,0,1,0,0,0,0,1,0,0,0,1,0,0,1,0,0,0,0,0,0,0,1,0,0,0
841,24,No,24,3,4,3,3597,6409,22,4,4,3,3,4,1,2,0,0,1,0,1,0,0,0,0,1,0,0,0,1,0,0,1,0,0,0,0,0,0,0,0,1,0,0
842,28,Yes,12,1,3,3,2515,22955,11,4,3,2,1,1,0,0,0,0,1,0,1,0,0,1,0,0,0,0,1,0,0,0,1,0,0,0,0,0,0,0,1,0,1,1
843,26,No,3,4,1,4,4420,13421,22,2,4,3,7,8,0,7,0,0,1,0,1,0,0,0,0,1,0,0,0,1,0,0,1,0,0,0,0,0,0,0,1,0,0,0
844,30,No,10,3,3,2,6578,2706,18,1,3,3,3,10,1,4,0,0,1,0,0,1,0,0,1,0,0,0,0,1,0,0,0,0,0,0,0,1,0,0,1,0,0,0
845,40,No,26,2,3,2,4422,21203,13,4,3,1,1,1,0,0,0,1,0,0,1,0,0,0,0,1,0,0,1,0,0,0,0,0,0,0,1,0,0,0,1,0,1,0
846,35,No,2,3,3,2,10274,19588,18,2,3,4,7,7,6,4,0,0,1,0,1,0,0,1,0,0,0,0,0,1,0,0,0,0,1,0,0,0,0,1,0,0,0,0
847,34,No,1,3,4,2,5343,25755,20,3,4,3,9,13,4,9,0,1,0,0,1,0,0,0,0,1,0,0,0,1,1,0,0,0,0,0,0,0,0,0,0,1,0,0
848,35,No,4,4,4,2,2376,26537,13,2,3,4,2,2,2,2,0,1,0,0,1,0,0,0,0,0,1,0,0,1,0,0,1,0,0,0,0,0,0,0,1,0,0,0
849,43,Yes,9,3,1,1,5346,9489,13,2,3,2,3,4,1,3,0,0,1,0,0,1,0,0,1,0,0,0,1,0,0,0,0,0,0,0,0,1,0,0,0,1,0,1
850,32,No,2,1,3,3,2827,14947,12,3,3,3,0,1,0,0,1,0,0,0,0,1,0,1,0,0,0,0,1,0,0,0,0,0,0,0,0,0,1,1,0,0,0,0
851,56,No,4,4,4,3,19943,18575,13,4,3,3,2,5,4,2,0,0,1,0,1,0,0,0,0,0,0,1,1,0,0,0,0,1,0,0,0,0,0,1,0,0,0,0
852,29,No,6,1,2,3,3131,26342,13,1,3,3,8,10,0,8,0,0,1,0,1,0,0,0,0,1,0,0,1,0,0,0,1,0,0,0,0,0,0,0,1,0,0,0
853,19,No,9,2,3,3,2552,7172,25,3,4,3,1,1,0,0,0,0,1,0,1,0,0,1,0,0,0,0,0,1,0,0,0,0,0,0,1,0,0,0,0,1,0,0
854,45,No,7,3,1,3,4477,20100,19,3,3,2,2,3,0,2,0,0,1,0,1,0,0,0,0,1,0,0,1,0,0,0,0,0,0,0,1,0,0,0,1,0,1,0
855,37,No,1,3,4,2,6474,9961,13,2,3,2,8,14,3,11,0,0,1,0,1,0,0,1,0,0,0,0,1,0,0,0,0,0,1,0,0,0,0,0,1,0,0,0
856,20,No,3,3,1,2,3033,12828,12,1,3,2,2,2,1,2,0,0,1,0,1,0,0,1,0,0,0,0,0,1,0,0,1,0,0,0,0,0,0,0,0,1,0,0
857,44,Yes,10,4,3,3,2936,10826,11,3,3,3,4,6,0,2,0,0,1,0,1,0,0,1,0,0,0,0,0,1,0,0,0,0,0,0,1,0,0,0,0,1,1,1
858,53,No,7,2,4,3,18606,18640,18,2,3,3,7,7,4,7,0,0,1,0,1,0,0,0,0,1,0,0,1,0,0,0,0,1,0,0,0,0,0,1,0,0,0,0
859,29,No,15,1,2,1,2168,26933,18,1,3,2,4,5,1,3,0,0,1,0,1,0,0,1,0,0,0,0,1,0,0,0,0,0,0,0,1,0,0,0,1,0,1,0
860,22,Yes,3,4,3,2,2853,4223,11,2,3,3,0,0,0,0,0,1,0,0,1,0,0,1,0,0,0,0,0,1,0,0,0,0,0,0,1,0,0,0,1,0,1,1
861,46,No,2,3,3,3,17048,24097,23,1,4,3,15,26,15,9,0,0,1,0,0,1,0,0,1,0,0,0,1,0,0,0,0,1,0,0,0,0,0,0,1,0,0,0
862,44,No,17,3,4,1,2290,4279,13,4,3,3,0,0,0,0,1,0,0,0,1,0,0,1,0,0,0,0,0,1,0,0,0,0,0,0,1,0,0,0,0,1,0,0
863,33,No,2,3,2,3,3600,8429,13,4,3,3,4,5,1,4,0,0,1,1,0,0,1,0,0,0,0,0,0,1,0,1,0,0,0,0,0,0,0,0,1,0,0,0
864,41,Yes,5,2,1,2,2107,20293,17,1,3,1,0,1,0,0,1,0,0,0,1,0,0,1,0,0,0,0,0,1,0,0,0,0,0,0,1,0,0,1,0,0,0,1
865,30,No,29,4,3,3,4115,13192,19,3,3,3,3,4,0,3,0,0,1,0,0,1,0,1,0,0,0,0,0,1,0,0,0,0,0,0,0,1,0,1,0,0,0,0
866,40,No,2,4,2,3,4327,25440,12,4,3,3,0,0,0,0,0,1,0,0,0,1,0,0,0,1,0,0,0,1,0,0,0,0,0,0,0,1,0,0,1,0,0,0
867,50,No,2,3,4,3,17856,9490,22,3,4,3,2,2,2,2,0,1,0,0,1,0,0,0,0,1,0,0,1,0,0,0,0,1,0,0,0,0,0,0,1,0,0,0
868,28,No,19,4,4,2,3196,12449,12,3,3,3,5,6,3,3,0,0,1,0,1,0,0,0,0,1,0,0,0,1,0,0,1,0,0,0,0,0,0,0,1,0,0,0
869,46,No,15,2,4,3,19081,10849,11,1,3,3,2,4,0,3,0,0,1,0,1,0,0,1,0,0,0,0,0,1,0,0,0,0,0,1,0,0,0,0,1,0,0,0
870,35,No,17,4,3,3,8966,21026,15,4,3,3,7,7,1,7,0,0,1,0,0,1,0,1,0,0,0,0,0,1,0,0,0,0,0,0,0,1,0,0,1,0,1,0
871,24,Yes,17,2,4,3,2210,3372,13,1,3,1,0,1,0,0,0,0,1,0,1,0,0,1,0,0,0,0,1,0,0,0,1,0,0,0,0,0,0,0,1,0,0,1
872,33,No,25,3,2,3,4539,4905,12,1,3,2,7,10,0,1,0,1,0,0,0,1,0,0,0,1,0,0,1,0,0,0,0,0,0,0,0,1,0,0,1,0,0,0
873,36,No,6,4,3,1,2741,6865,14,3,3,3,7,7,1,7,0,0,1,0,1,0,0,1,0,0,0,0,0,1,0,0,1,0,0,0,0,0,0,1,0,0,0,0
874,30,No,7,4,3,3,3491,11309,13,1,3,2,7,10,8,9,0,0,1,0,1,0,0,1,0,0,0,0,0,1,0,0,1,0,0,0,0,0,0,1,0,0,0,0
875,44,No,29,4,4,3,4541,7744,25,2,4,3,11,20,13,17,0,0,1,0,1,0,0,0,0,0,1,0,0,1,0,0,0,0,0,0,1,0,0,0,0,1,0,0
876,20,No,21,3,3,4,2678,5050,17,4,3,3,1,2,2,2,0,0,1,0,0,1,0,0,1,0,0,0,0,1,0,0,0,0,0,0,0,0,1,0,0,1,0,0
877,46,No,2,4,4,3,7379,17433,11,3,3,2,3,6,1,4,0,0,1,0,1,0,0,0,0,0,0,1,0,1,0,0,0,0,1,0,0,0,0,1,0,0,0,0
878,42,No,2,5,4,4,6272,12858,16,1,3,4,3,4,0,3,1,0,0,1,0,0,0,0,0,1,0,0,0,1,0,1,0,0,0,0,0,0,0,0,1,0,0,0
879,60,No,7,4,2,4,5220,10893,18,2,3,3,7,11,1,9,0,0,1,0,0,1,0,0,1,0,0,0,0,1,0,0,0,0,0,0,0,1,0,1,0,0,1,0
880,32,No,13,3,3,2,2743,7331,20,3,4,3,2,2,2,2,0,1,0,0,1,0,0,0,0,0,1,0,1,0,0,0,1,0,0,0,0,0,0,0,1,0,0,0
881,32,No,2,2,4,3,4998,2338,14,4,3,3,7,8,0,7,0,1,0,0,1,0,0,1,0,0,0,0,1,0,0,0,0,0,0,0,1,0,0,0,0,1,1,0
882,36,No,1,3,3,1,10252,4235,21,3,4,3,7,7,7,7,0,0,1,0,1,0,0,0,0,0,0,1,1,0,0,0,0,0,1,0,0,0,0,1,0,0,1,0
883,33,No,9,3,1,3,2781,6311,13,2,3,3,10,14,4,10,0,0,1,0,1,0,0,0,0,1,0,0,0,1,0,0,0,0,0,0,1,0,0,0,1,0,0,0
884,40,No,10,3,2,2,6852,11591,12,2,3,4,1,5,1,3,0,0,1,0,0,1,0,0,0,0,0,1,1,0,0,0,0,0,0,0,0,1,0,1,0,0,0,0
885,25,No,10,4,3,3,4950,20623,14,2,3,3,3,4,1,1,0,0,1,0,0,1,0,1,0,0,0,0,0,1,0,0,0,0,0,0,0,1,0,0,0,1,0,0
886,30,No,1,3,4,3,3579,9369,21,1,4,3,9,11,5,7,0,0,1,0,1,0,0,0,0,1,0,0,0,1,0,0,0,0,0,0,1,0,0,0,1,0,1,0
887,42,No,26,5,1,3,13191,23281,17,3,3,3,0,1,0,0,0,1,0,0,1,0,0,0,0,1,0,0,1,0,0,0,0,0,0,1,0,0,0,0,1,0,1,0
888,35,No,8,2,3,2,10377,13755,11,2,3,2,2,13,4,12,1,0,0,0,0,1,0,0,1,0,0,0,1,0,0,0,0,0,0,0,0,1,0,0,1,0,1,0
889,27,No,14,3,1,3,2235,14377,14,4,3,2,7,9,6,8,0,0,1,0,1,0,0,1,0,0,0,0,0,1,0,0,0,0,0,0,1,0,0,0,1,0,1,0
890,54,No,1,4,4,3,10502,9659,17,1,3,1,4,5,1,4,0,1,0,0,1,0,0,1,0,0,0,0,1,0,0,0,0,0,1,0,0,0,0,1,0,0,0,0
891,44,No,2,1,1,4,2011,19982,13,4,3,3,5,10,7,7,0,0,1,0,1,0,0,1,0,0,0,0,1,0,0,0,0,0,0,0,1,0,0,0,1,0,0,0
892,19,Yes,10,3,1,2,1859,6148,25,2,4,4,1,1,0,0,1,0,0,0,1,0,0,0,0,1,0,0,1,0,0,0,0,0,0,0,1,0,0,0,0,1,1,1
893,29,No,1,3,1,3,3760,5598,15,1,3,3,2,3,1,2,0,0,1,0,1,0,0,1,0,0,0,0,1,0,0,0,0,0,0,0,1,0,0,1,0,0,0,0
894,54,No,3,3,4,3,17779,23474,14,1,3,3,9,10,0,9,0,0,1,0,1,0,0,1,0,0,0,0,0,1,0,0,0,0,0,1,0,0,0,0,1,0,0,0
895,31,No,11,2,3,3,6833,17089,12,4,3,2,5,6,0,1,0,0,1,0,1,0,0,0,0,1,0,0,0,1,1,0,0,0,0,0,0,0,0,0,1,0,1,0
896,31,No,24,3,3,2,6812,17198,19,2,3,3,9,10,1,8,0,0,1,0,1,0,0,0,0,1,0,0,1,0,1,0,0,0,0,0,0,0,0,0,0,1,0,0
897,59,No,3,3,3,2,5171,16490,17,4,3,3,1,6,0,5,0,0,1,0,0,1,0,1,0,0,0,0,1,0,0,0,0,0,0,0,0,1,0,0,0,1,0,0
898,43,No,3,3,3,1,19740,18625,14,2,3,3,7,8,0,7,0,0,1,0,1,0,0,1,0,0,0,0,0,1,0,0,0,0,0,1,0,0,0,0,1,0,0,0
899,49,No,4,2,1,2,18711,12124,13,3,3,4,0,1,0,0,0,0,1,0,1,0,0,0,0,1,0,0,0,1,0,0,0,1,0,0,0,0,0,0,1,0,0,0
900,36,No,3,3,3,3,3692,9256,12,3,3,2,10,11,0,7,0,1,0,0,1,0,0,0,0,0,0,1,0,1,0,0,0,0,0,0,1,0,0,0,1,0,0,0
901,48,No,2,2,4,4,2559,16620,11,3,3,2,0,1,0,0,0,0,1,0,1,0,0,0,0,0,0,1,0,1,0,0,1,0,0,0,0,0,0,0,0,1,0,0
902,27,No,4,2,1,3,2517,3208,11,2,3,3,3,5,0,3,0,0,1,0,1,0,0,1,0,0,0,0,0,1,0,0,0,0,0,0,1,0,0,1,0,0,0,0
903,29,No,7,3,3,3,6623,4204,11,2,3,3,0,6,1,0,0,0,1,0,1,0,0,1,0,0,0,0,0,1,1,0,0,0,0,0,0,0,0,1,0,0,1,0
904,48,No,1,3,4,2,18265,8733,12,3,3,4,0,1,0,0,0,0,1,0,1,0,0,1,0,0,0,0,0,1,0,0,0,0,0,1,0,0,0,0,0,1,0,0
905,29,No,1,3,4,2,16124,3423,14,2,3,2,7,7,1,7,0,0,1,0,1,0,0,1,0,0,0,0,1,0,0,0,0,0,0,1,0,0,0,1,0,0,0,0
906,34,No,20,3,3,4,2585,21643,17,4,3,2,0,1,0,0,0,0,1,0,1,0,0,0,0,0,0,1,1,0,0,0,0,0,0,0,1,0,0,0,1,0,0,0
907,44,No,5,3,2,3,18213,8751,11,3,3,3,9,22,3,10,0,0,1,0,0,1,0,0,1,0,0,0,0,1,0,0,0,1,0,0,0,0,0,0,1,0,0,0
908,33,No,10,5,4,4,8380,21708,14,4,3,3,8,9,0,8,0,0,1,0,0,1,0,0,1,0,0,0,0,1,0,0,0,0,0,0,0,1,0,1,0,0,1,0
909,19,No,25,3,2,4,2994,21221,12,4,3,3,0,1,0,1,0,0,1,0,1,0,0,1,0,0,0,0,1,0,0,0,0,0,0,0,1,0,0,0,0,1,1,0
910,23,No,1,2,4,3,1223,16901,22,4,4,3,0,1,0,1,0,0,1,0,1,0,0,1,0,0,0,0,0,1,0,0,0,0,0,0,1,0,0,0,1,0,0,0
911,25,Yes,24,1,3,1,1118,8040,14,4,3,3,0,1,1,0,0,1,0,0,0,1,0,1,0,0,0,0,0,1,0,0,0,0,0,0,0,0,1,0,0,1,1,1
912,26,No,4,2,3,3,2875,9973,20,2,4,2,5,8,2,2,0,0,1,0,1,0,0,1,0,0,0,0,0,1,0,0,0,0,0,0,1,0,0,0,0,1,1,0
913,45,Yes,2,3,1,1,18824,2493,16,1,3,3,10,24,1,11,0,0,1,0,0,1,0,0,1,0,0,0,1,0,0,0,0,1,0,0,0,0,0,0,0,1,1,1
914,55,No,8,1,4,2,13577,25592,15,4,3,3,9,33,15,0,1,0,0,0,1,0,0,0,0,1,0,0,0,1,1,0,0,0,0,0,0,0,0,1,0,0,1,0
915,21,Yes,10,2,1,2,2625,25308,20,3,4,1,2,2,2,2,0,1,0,0,1,0,0,1,0,0,0,0,1,0,0,0,1,0,0,0,0,0,0,0,0,1,0,1
916,46,No,4,2,4,2,18789,9946,14,3,3,3,4,11,0,8,0,0,1,0,0,1,0,0,1,0,0,0,1,0,0,0,0,1,0,0,0,0,0,0,1,0,0,0
917,34,No,2,3,3,3,4538,6039,12,4,3,3,2,3,0,2,0,0,1,0,0,1,0,0,1,0,0,0,1,0,0,0,0,0,0,0,0,1,0,0,0,1,1,0
918,51,No,9,3,4,3,19847,19196,24,1,4,2,10,29,11,10,0,1,0,0,0,1,0,1,0,0,0,0,0,1,0,0,0,1,0,0,0,0,0,1,0,0,1,0
919,59,No,18,4,4,3,10512,20002,12,4,3,2,7,9,5,4,0,0,1,0,1,0,0,0,0,1,0,0,0,1,0,0,0,0,1,0,0,0,0,0,0,1,0,0
920,34,No,19,3,3,3,4444,22534,13,3,3,4,8,11,5,10,0,1,0,0,1,0,0,0,0,1,0,0,1,0,0,0,1,0,0,0,0,0,0,1,0,0,0,0
921,28,No,1,4,4,3,2154,6842,11,3,3,2,2,4,0,2,0,1,0,0,1,0,0,0,0,1,0,0,0,1,0,0,1,0,0,0,0,0,0,0,0,1,1,0
922,44,No,4,2,3,4,19190,17477,14,4,3,2,9,25,14,13,0,0,1,0,1,0,0,1,0,0,0,0,0,1,0,0,0,1,0,0,0,0,0,1,0,0,0,0
923,34,No,11,3,3,2,4490,21833,11,4,3,4,9,10,1,8,0,1,0,1,0,0,0,1,0,0,0,0,0,1,0,1,0,0,0,0,0,0,0,0,1,0,0,0
924,35,No,6,1,3,3,3506,6020,14,4,3,3,2,3,2,2,0,0,1,0,1,0,0,1,0,0,0,0,0,1,0,0,0,0,0,0,1,0,0,0,1,0,1,0
925,42,No,7,4,2,4,2372,5628,16,4,3,3,0,1,0,0,0,0,1,0,1,0,0,0,0,1,0,0,1,0,0,0,0,0,0,0,1,0,0,0,1,0,1,0
926,43,No,4,4,4,2,10231,20364,14,4,3,4,7,21,15,17,0,0,1,0,0,1,0,0,1,0,0,0,1,0,0,0,0,0,0,0,0,1,0,0,0,1,0,0
927,36,No,2,4,3,3,5410,2323,11,4,3,3,14,16,5,12,0,0,1,0,1,0,0,1,0,0,0,0,1,0,0,0,0,0,1,0,0,0,0,0,0,1,1,0
928,44,Yes,15,3,1,3,7978,14075,11,4,3,3,7,10,0,5,0,0,1,0,1,0,0,0,0,1,0,0,1,0,1,0,0,0,0,0,0,0,0,0,1,0,0,1
929,28,No,2,3,4,2,3867,14222,12,2,3,3,2,2,2,2,0,1,0,0,1,0,0,1,0,0,0,0,0,1,0,0,1,0,0,0,0,0,0,0,1,0,1,0
930,51,No,6,2,2,2,2838,4257,14,2,3,2,0,7,7,7,0,1,0,0,1,0,0,0,0,1,0,0,1,0,0,0,1,0,0,0,0,0,0,0,0,1,0,0
931,30,No,9,2,3,3,4695,12858,18,3,3,3,4,8,1,7,1,0,0,0,1,0,0,0,0,1,0,0,1,0,0,0,0,0,1,0,0,0,0,0,0,1,1,0
932,29,Yes,7,3,2,3,3339,17285,13,1,3,3,7,7,7,7,0,0,1,0,1,0,0,0,0,0,0,1,1,0,0,0,1,0,0,0,0,0,0,1,0,0,1,1
933,28,No,1,3,4,3,2080,4732,11,2,3,2,2,3,1,2,0,0,1,0,1,0,0,0,0,0,0,1,0,1,0,0,0,0,0,0,1,0,0,0,0,1,0,0
934,25,No,1,3,4,3,2096,18830,18,4,3,2,2,2,2,1,0,0,1,0,1,0,0,0,0,1,0,0,1,0,0,0,0,0,0,0,1,0,0,0,0,1,0,0
935,32,No,8,3,3,4,6209,11693,15,3,3,4,7,10,0,8,0,0,1,0,0,1,0,0,0,1,0,0,0,1,0,0,0,0,0,0,0,1,0,0,1,0,0,0
936,45,No,25,3,2,3,18061,13035,22,3,4,3,0,0,0,0,0,1,0,0,1,0,0,0,0,1,0,0,1,0,0,0,0,1,0,0,0,0,0,0,0,1,0,0
937,39,No,13,4,3,2,17123,17334,13,4,3,3,9,19,15,2,0,0,1,0,1,0,0,0,0,1,0,0,1,0,0,0,0,1,0,0,0,0,0,1,0,0,1,0
938,58,No,23,4,1,3,2372,26076,12,4,3,3,2,2,2,2,0,0,1,0,1,0,0,1,0,0,0,0,0,1,0,0,0,0,0,0,1,0,0,1,0,0,0,0
939,32,Yes,7,2,4,3,4883,22845,18,1,3,3,4,10,1,1,0,0,1,0,1,0,0,1,0,0,0,0,0,1,0,0,1,0,0,0,0,0,0,0,1,0,0,1
940,39,Yes,23,3,3,3,3904,22154,13,1,3,3,2,5,0,3,0,0,1,0,1,0,0,0,0,1,0,0,0,1,0,0,0,0,0,0,1,0,0,0,0,1,0,1
941,30,No,6,3,1,2,4627,23631,12,1,3,3,2,9,6,7,0,0,1,0,1,0,0,0,0,0,0,1,1,0,0,0,1,0,0,0,0,0,0,0,1,0,0,0
942,36,No,10,4,4,3,7094,5747,12,1,3,3,7,7,1,7,0,0,1,0,1,0,0,0,0,0,0,1,1,0,1,0,0,0,0,0,0,0,0,0,1,0,0,0
943,46,No,1,2,4,3,3423,22957,12,3,3,4,6,7,5,7,0,0,1,1,0,0,0,1,0,0,0,0,1,0,0,1,0,0,0,0,0,0,0,0,0,1,0,0
944,28,No,1,3,3,1,6674,16392,11,1,3,3,8,9,7,5,1,0,0,0,1,0,0,1,0,0,0,0,1,0,0,0,1,0,0,0,0,0,0,0,1,0,0,0
945,50,No,28,3,4,3,16880,22422,11,2,3,3,2,3,1,2,0,0,1,0,1,0,0,1,0,0,0,0,1,0,0,0,0,0,0,1,0,0,0,0,1,0,1,0
946,40,Yes,25,4,4,2,9094,17235,12,3,3,3,4,5,1,0,0,0,1,0,0,1,0,0,1,0,0,0,0,1,0,0,0,0,0,0,0,1,0,0,0,1,1,1
947,52,Yes,5,3,2,3,8446,21534,19,3,3,2,7,8,7,7,0,0,1,0,0,1,0,1,0,0,0,0,0,1,0,0,0,0,0,0,0,1,0,0,0,1,1,1
948,30,No,17,4,2,3,11916,25927,23,4,4,3,1,9,0,8,0,0,1,0,1,0,0,0,0,1,0,0,1,0,0,0,0,1,0,0,0,0,0,0,1,0,1,0
949,39,No,18,2,1,3,4534,13352,11,1,3,3,7,8,1,7,0,0,1,0,1,0,0,1,0,0,0,0,0,1,0,0,0,0,1,0,0,0,0,0,0,1,0,0
950,31,No,2,4,4,3,9852,8935,19,1,3,2,8,10,9,6,1,0,0,0,0,1,0,1,0,0,0,0,1,0,0,0,0,0,0,0,0,1,0,1,0,0,1,0
951,41,No,10,2,3,1,6151,22074,13,1,3,3,2,19,11,9,1,0,0,0,0,1,0,0,0,1,0,0,0,1,0,0,0,0,0,0,0,1,0,0,0,1,0,0
952,31,Yes,1,3,4,3,2302,8319,11,1,3,4,2,3,2,2,0,1,0,0,0,1,0,1,0,0,0,0,1,0,0,0,0,0,0,0,0,0,1,0,0,1,1,1
953,44,Yes,3,3,1,3,2362,14669,12,3,3,4,2,3,1,2,0,0,1,0,1,0,0,1,0,0,0,0,0,1,0,0,1,0,0,0,0,0,0,0,1,0,0,1
954,42,No,2,1,3,3,17861,26582,13,4,3,2,8,20,2,10,1,0,0,0,1,0,0,1,0,0,0,0,0,1,0,0,0,1,0,0,0,0,0,0,1,0,1,0
955,55,No,2,2,4,1,19187,6992,14,4,3,3,9,19,9,11,0,0,1,0,1,0,0,0,0,1,0,0,1,0,0,0,0,1,0,0,0,0,0,0,1,0,0,0
956,56,No,8,4,4,3,19717,4022,14,1,3,3,3,7,7,7,0,0,1,1,0,0,0,1,0,0,0,0,0,1,0,0,0,1,0,0,0,0,0,0,0,1,0,0
957,40,No,16,2,3,3,3544,8532,16,2,3,3,2,4,0,0,1,0,0,0,1,0,0,1,0,0,0,0,0,1,0,0,0,0,0,0,1,0,0,1,0,0,0,0
958,34,No,9,3,4,3,8500,5494,11,4,3,2,7,9,1,6,0,0,1,0,1,0,0,1,0,0,0,0,0,1,1,0,0,0,0,0,0,0,0,1,0,0,0,0
959,40,No,2,3,3,3,4661,22455,13,3,3,3,8,9,8,8,0,0,1,0,1,0,0,1,0,0,0,0,0,1,0,0,0,0,0,0,1,0,0,0,0,1,0,0
960,41,No,1,3,3,3,4103,4297,17,4,3,3,3,9,1,7,0,1,0,0,0,1,0,0,1,0,0,0,1,0,0,0,0,0,0,0,0,1,0,1,0,0,0,0
961,35,No,4,4,3,3,4249,2690,11,2,3,3,6,9,1,1,0,1,0,0,1,0,0,1,0,0,0,0,0,1,0,0,0,0,0,0,1,0,0,0,0,1,1,0
962,51,No,5,3,3,3,14026,17588,11,2,3,3,9,33,0,10,0,0,1,1,0,0,0,1,0,0,0,0,0,1,0,0,0,1,0,0,0,0,0,1,0,0,1,0
963,38,No,2,2,2,3,6893,19461,15,4,3,3,7,7,1,7,0,0,1,0,0,1,0,1,0,0,0,0,1,0,0,0,0,0,0,0,0,1,0,1,0,0,0,0
964,34,No,15,2,3,3,6125,23553,12,4,3,4,8,10,9,6,0,0,1,0,0,1,0,0,0,1,0,0,1,0,0,0,0,0,0,0,0,1,0,0,0,1,0,0
965,25,No,19,1,4,3,3669,9075,11,3,3,2,2,3,1,2,0,0,1,0,1,0,0,0,0,1,0,0,0,1,0,0,1,0,0,0,0,0,0,0,1,0,0,0
966,58,Yes,7,4,3,2,10008,12023,14,4,3,2,9,10,5,9,0,0,1,0,1,0,0,0,0,1,0,0,1,0,0,0,0,0,1,0,0,0,0,0,1,0,1,1
967,40,No,1,4,2,3,2387,6762,22,3,4,3,2,4,0,3,0,0,1,0,1,0,0,1,0,0,0,0,0,1,0,0,1,0,0,0,0,0,0,0,1,0,0,0
968,36,No,7,3,1,4,4639,2261,16,4,3,2,7,15,6,13,0,1,0,0,0,1,0,0,1,0,0,0,1,0,0,0,0,0,0,0,0,1,0,0,1,0,0,0
969,48,No,4,3,4,3,7898,18706,11,3,3,3,9,10,0,8,0,0,1,0,1,0,0,1,0,0,0,0,0,1,0,0,0,0,1,0,0,0,0,0,0,1,0,0
970,27,No,11,3,3,4,2534,6527,14,2,3,3,0,1,0,0,0,0,1,0,0,1,0,0,0,1,0,0,1,0,0,0,0,0,0,0,0,0,1,0,1,0,0,0
971,51,No,11,2,4,2,13142,24439,16,2,3,2,2,5,0,3,0,0,1,0,1,0,0,0,0,0,0,1,1,0,0,0,0,0,1,0,0,0,0,0,0,1,0,0
972,18,No,1,3,4,3,1611,19305,15,3,3,4,0,0,0,0,1,0,0,0,1,0,0,1,0,0,0,0,1,0,0,0,1,0,0,0,0,0,0,0,0,1,0,0
973,35,No,1,3,4,2,5363,10846,12,2,3,3,7,9,0,0,0,0,1,0,1,0,0,0,0,1,0,0,1,0,0,0,1,0,0,0,0,0,0,0,1,0,0,0
974,27,No,2,1,4,1,5071,20392,20,2,4,3,2,6,0,0,0,1,0,0,0,1,0,1,0,0,0,0,0,1,0,0,0,0,0,0,0,1,0,0,0,1,0,0
975,55,Yes,13,4,1,4,13695,9277,17,3,3,2,7,19,3,8,0,0,1,0,0,1,0,0,1,0,0,0,0,1,0,0,0,0,0,0,0,1,0,0,0,1,1,1
976,56,No,23,3,4,3,13402,18235,12,1,3,3,16,19,15,9,0,0,1,0,1,0,0,1,0,0,0,0,0,1,0,0,0,0,1,0,0,0,0,0,1,0,1,0
977,34,No,26,1,1,2,2029,15891,20,3,4,3,4,5,0,0,1,0,0,0,1,0,0,0,0,0,0,1,1,0,0,0,0,0,0,0,1,0,0,1,0,0,0,0
978,40,No,2,1,2,4,6377,13888,20,2,4,3,11,12,11,8,0,0,1,0,1,0,0,0,0,1,0,0,1,0,1,0,0,0,0,0,0,0,0,1,0,0,0,0
979,34,No,29,3,2,3,5429,17491,13,1,3,3,7,8,7,7,0,0,1,0,1,0,0,0,0,1,0,0,0,1,0,0,1,0,0,0,0,0,0,0,1,0,0,0
980,31,Yes,2,3,3,2,2785,11882,14,3,3,4,0,1,0,0,0,1,0,0,0,1,0,1,0,0,0,0,1,0,0,0,0,0,0,0,0,0,1,0,0,1,0,1
981,35,Yes,18,4,4,3,4614,23288,18,3,3,2,2,4,3,2,0,1,0,0,0,1,0,0,1,0,0,0,1,0,0,0,0,0,0,0,0,1,0,0,1,0,1,1
982,38,No,7,3,4,4,2610,15748,11,4,3,3,2,4,0,3,0,1,0,0,1,0,0,1,0,0,0,0,0,1,0,0,0,0,0,0,1,0,0,1,0,0,0,0
983,34,No,2,4,3,3,6687,6163,11,4,3,4,11,14,4,11,0,0,1,0,1,0,0,0,0,0,0,1,1,0,1,0,0,0,0,0,0,0,0,0,0,1,0,0
984,28,No,26,3,3,2,4724,24232,11,3,3,3,3,5,0,4,0,0,1,0,0,1,0,1,0,0,0,0,0,1,0,0,0,0,0,0,0,1,0,0,1,0,0,0
985,31,Yes,22,4,4,3,6179,21057,15,4,3,2,2,10,6,7,0,0,1,0,1,0,0,0,0,1,0,0,0,1,0,0,0,0,1,0,0,0,0,0,1,0,1,1
986,39,No,21,4,1,2,6120,3567,12,4,3,4,4,5,1,4,0,0,1,0,0,1,0,1,0,0,0,0,0,1,0,0,0,0,0,0,0,1,0,0,1,0,1,0
987,51,No,2,3,2,3,10596,15395,11,2,3,3,2,4,3,2,0,1,0,0,0,1,0,0,1,0,0,0,0,1,0,0,0,0,0,0,0,1,0,0,1,0,0,0
988,41,No,22,3,4,3,5467,13953,14,1,3,2,2,6,3,3,0,1,0,0,1,0,0,1,0,0,0,0,1,0,0,0,0,0,0,0,1,0,0,1,0,0,1,0
989,37,No,4,1,3,3,2996,5182,15,4,3,3,4,6,1,3,0,0,1,0,1,0,0,1,0,0,0,0,0,1,0,0,0,0,0,0,1,0,0,0,1,0,1,0
990,33,No,5,1,2,3,9998,19293,13,1,3,4,4,5,1,2,0,1,0,0,0,1,0,1,0,0,0,0,0,1,0,0,0,0,0,0,0,1,0,0,1,0,0,0
991,32,No,2,1,3,3,4078,20497,13,1,3,2,2,3,1,2,0,0,1,0,0,1,0,0,1,0,0,0,0,1,0,0,0,0,0,0,0,1,0,0,1,0,1,0
992,39,No,25,2,3,3,10920,3449,21,2,4,3,4,6,0,5,1,0,0,0,1,0,0,1,0,0,0,0,0,1,1,0,0,0,0,0,0,0,0,0,1,0,0,0
993,25,No,18,1,1,4,6232,12477,11,2,3,2,2,3,1,2,0,0,1,0,0,1,0,1,0,0,0,0,0,1,0,0,0,0,0,0,0,1,0,0,1,0,0,0
994,52,No,28,2,4,4,13247,9731,11,2,3,2,3,5,0,2,0,1,0,0,1,0,0,0,0,1,0,0,1,0,0,0,0,0,1,0,0,0,0,0,1,0,1,0
995,43,No,6,3,1,2,4081,20003,14,1,3,1,7,20,1,8,0,0,1,0,1,0,0,0,0,1,0,0,1,0,0,0,0,0,0,0,1,0,0,0,0,1,1,0
996,27,No,10,3,4,2,5769,7100,11,4,3,3,2,6,4,4,0,0,1,0,0,1,0,0,1,0,0,0,1,0,0,0,0,0,0,0,0,1,0,0,1,0,1,0
997,27,Yes,17,4,4,3,2394,25681,13,4,3,3,2,8,7,7,0,0,1,0,1,0,0,1,0,0,0,0,1,0,0,0,0,0,0,0,1,0,0,0,0,1,1,1
998,26,No,2,1,1,2,3904,4050,12,4,3,3,3,4,1,1,0,0,1,0,1,0,0,0,0,1,0,0,0,1,0,0,0,0,0,0,1,0,0,0,0,1,0,0
999,42,No,10,3,3,3,16799,16616,14,3,3,3,7,20,0,9,0,0,1,1,0,0,1,0,0,0,0,0,1,0,0,0,0,1,0,0,0,0,0,0,1,0,0,0
1000,52,No,8,4,3,3,2950,17363,13,3,3,1,4,5,0,4,0,0,1,0,1,0,0,0,0,0,1,0,1,0,0,0,1,0,0,0,0,0,0,0,1,0,0,0
1001,37,No,11,3,1,3,3629,19106,18,1,3,3,2,3,0,2,0,0,1,0,1,0,0,0,0,1,0,0,1,0,0,0,1,0,0,0,0,0,0,0,0,1,0,0
1002,35,No,18,2,3,3,9362,19944,11,3,3,3,2,2,2,2,0,1,0,0,1,0,0,1,0,0,0,0,0,1,0,0,0,0,1,0,0,0,0,0,0,1,0,0
1003,25,No,1,3,1,3,3229,4910,11,2,3,2,2,3,0,2,0,0,1,0,1,0,0,0,0,0,0,1,0,1,0,0,1,0,0,0,0,0,0,0,1,0,0,0
1004,26,No,7,3,3,4,3578,23577,12,4,3,3,7,7,0,7,0,0,1,0,1,0,0,0,0,0,1,0,0,1,0,0,1,0,0,0,0,0,0,0,0,1,0,0
1005,29,No,17,3,2,2,7988,9769,13,1,3,2,9,10,0,9,0,0,1,1,0,0,0,0,0,0,1,0,0,1,0,1,0,0,0,0,0,0,0,0,0,1,0,0
1006,49,Yes,28,2,1,2,4284,22710,20,1,4,3,3,4,1,3,0,1,0,0,1,0,0,1,0,0,0,0,0,1,0,0,1,0,0,0,0,0,0,0,0,1,0,1
1007,29,Yes,14,1,3,3,7553,22930,12,1,3,3,7,8,7,7,0,1,0,0,1,0,0,0,0,0,1,0,1,0,1,0,0,0,0,0,0,0,0,0,0,1,1,1
1008,54,No,1,3,4,3,17328,5652,19,4,3,2,7,20,12,7,0,0,1,0,1,0,0,0,0,1,0,0,1,0,0,0,0,0,0,1,0,0,0,0,0,1,0,0
1009,58,No,1,3,4,3,19701,22456,21,3,4,3,8,9,1,5,0,0,1,0,1,0,0,0,0,1,0,0,1,0,0,0,0,0,0,1,0,0,0,0,1,0,1,0
1010,55,No,1,4,2,4,14732,12414,13,4,3,4,7,7,0,0,0,0,1,0,1,0,0,0,0,1,0,0,0,1,0,0,0,0,0,1,0,0,0,1,0,0,0,0
1011,36,No,3,4,1,3,9278,20763,16,4,3,3,4,5,0,1,0,0,1,0,0,1,0,0,1,0,0,0,1,0,0,0,0,0,0,0,0,1,0,0,0,1,1,0
1012,31,Yes,1,4,2,1,1359,16154,12,2,3,3,0,1,0,0,0,1,0,0,0,1,0,1,0,0,0,0,1,0,0,0,0,0,0,0,0,0,1,0,0,1,0,1
1013,30,No,7,4,4,3,4779,12761,14,2,3,3,2,3,0,2,0,0,1,0,0,1,0,0,1,0,0,0,1,0,0,0,0,0,0,0,0,1,0,1,0,0,0,0
1014,31,No,8,5,1,3,16422,8847,11,3,3,4,2,3,1,0,0,0,1,0,1,0,0,1,0,0,0,0,1,0,0,0,0,0,0,1,0,0,0,0,0,1,0,0
1015,34,No,1,4,4,3,2996,20284,14,3,3,3,3,4,1,3,0,1,0,0,1,0,0,0,0,0,1,0,0,1,0,0,0,0,0,0,1,0,0,1,0,0,0,0
1016,31,Yes,8,3,1,2,1261,22262,12,3,3,4,0,1,0,0,0,0,1,0,1,0,0,1,0,0,0,0,1,0,0,0,0,0,0,0,1,0,0,0,0,1,0,1
1017,27,No,11,1,2,3,2099,7679,14,2,3,4,0,5,1,4,0,0,1,0,1,0,0,1,0,0,0,0,0,1,0,0,1,0,0,0,0,0,0,0,1,0,0,0
1018,36,No,4,4,1,2,5810,22604,16,3,3,2,4,10,1,8,0,0,1,0,1,0,0,1,0,0,0,0,0,1,0,0,1,0,0,0,0,0,0,0,0,1,0,0
1019,36,No,16,4,3,2,5647,13494,13,1,3,2,2,3,0,2,0,0,1,0,0,1,0,0,1,0,0,0,1,0,0,0,0,0,0,0,0,1,0,0,1,0,0,0
1020,47,No,1,3,1,3,3420,10205,12,3,3,2,5,6,1,2,0,0,1,0,1,0,0,0,0,0,0,1,0,1,0,0,0,0,0,0,1,0,0,0,1,0,0,0
1021,25,Yes,9,2,1,2,4400,15182,12,1,3,3,2,3,2,2,0,0,1,0,0,1,0,1,0,0,0,0,0,1,0,0,0,0,0,0,0,0,1,0,1,0,0,1
1022,37,No,5,2,3,4,3500,25470,14,1,3,1,5,6,1,3,1,0,0,0,1,0,0,0,0,0,0,1,0,1,0,0,1,0,0,0,0,0,0,0,0,1,0,0
1023,56,No,1,2,1,3,2066,10494,22,4,4,4,2,3,1,0,0,0,1,0,1,0,0,1,0,0,0,0,1,0,0,0,0,0,0,0,1,0,0,0,1,0,0,0
1024,47,No,2,4,1,3,17169,26703,19,2,3,4,17,20,5,6,0,0,1,0,1,0,0,0,0,1,0,0,1,0,0,0,0,0,0,1,0,0,0,0,1,0,0,0
1025,24,No,4,1,4,3,4162,15211,12,3,3,3,4,5,0,3,0,0,1,0,0,1,0,0,0,1,0,0,1,0,0,0,0,0,0,0,0,1,0,0,1,0,1,0
1026,32,No,7,5,4,3,9204,23343,12,3,3,2,3,4,0,3,0,0,1,0,0,1,0,0,1,0,0,0,0,1,0,0,0,0,0,0,0,1,0,0,1,0,0,0
1027,34,No,1,3,4,2,3294,3708,17,1,3,2,4,5,0,2,0,0,1,0,1,0,0,1,0,0,0,0,1,0,0,0,1,0,0,0,0,0,0,0,1,0,0,0
1028,41,No,5,5,2,4,2127,5561,12,1,3,2,2,4,0,3,0,0,1,0,1,0,0,0,0,1,0,0,0,1,0,0,0,0,0,0,1,0,0,0,1,0,1,0
1029,40,No,9,4,3,3,3975,23099,11,3,3,4,7,8,0,7,1,0,0,0,1,0,0,0,0,0,1,0,0,1,0,0,1,0,0,0,0,0,0,1,0,0,0,0
1030,31,No,8,2,1,3,10793,8386,18,1,3,3,7,13,9,9,0,0,1,0,0,1,0,1,0,0,0,0,0,1,0,0,0,0,0,0,0,1,0,1,0,0,0,0
1031,46,Yes,9,3,1,3,10096,15986,11,1,3,4,7,7,4,3,0,0,1,0,0,1,0,0,1,0,0,0,0,1,0,0,0,0,0,0,0,1,0,1,0,0,0,1
1032,39,Yes,2,3,1,2,3646,17181,23,2,4,4,0,1,0,0,1,0,0,0,1,0,0,1,0,0,0,0,1,0,0,0,1,0,0,0,0,0,0,0,0,1,1,1
1033,31,Yes,1,5,3,4,7446,8931,11,1,3,3,8,10,4,7,0,1,0,0,1,0,0,1,0,0,0,0,1,0,0,0,0,0,1,0,0,0,0,0,0,1,0,1
1034,45,No,20,3,2,1,10851,19863,18,2,3,3,7,7,0,7,0,0,1,0,1,0,0,0,0,1,0,0,0,1,1,0,0,0,0,0,0,0,0,1,0,0,1,0
1035,31,No,8,2,4,4,2109,24609,18,4,3,3,2,3,0,2,0,0,1,1,0,0,0,0,0,1,0,0,1,0,0,1,0,0,0,0,0,0,0,0,0,1,0,0
1036,31,Yes,2,3,2,3,3722,21081,13,3,3,1,2,2,2,2,0,1,0,0,1,0,0,1,0,0,0,0,0,1,0,0,1,0,0,0,0,0,0,0,1,0,1,1
1037,45,No,29,3,2,3,9380,14720,18,4,3,4,1,3,1,2,0,0,1,0,1,0,0,0,0,0,0,1,0,1,0,0,0,0,1,0,0,0,0,0,1,0,1,0
1038,48,No,7,3,3,3,5486,24795,11,1,3,3,2,2,2,2,0,0,1,0,0,1,0,0,1,0,0,0,0,1,0,0,0,0,0,0,0,1,0,1,0,0,0,0
1039,34,Yes,9,4,1,3,2742,3072,15,4,3,3,2,2,2,2,0,0,1,1,0,0,0,0,0,0,0,1,1,0,0,1,0,0,0,0,0,0,0,0,1,0,0,1
1040,40,No,8,1,4,2,13757,25178,11,3,3,3,8,9,4,8,1,0,0,0,1,0,0,0,0,1,0,0,0,1,0,0,0,0,0,1,0,0,0,1,0,0,0,0
1041,28,No,5,3,4,3,8463,23490,18,4,3,3,4,5,1,3,0,0,1,0,0,1,0,0,0,1,0,0,0,1,0,0,0,0,0,0,0,1,0,0,0,1,0,0
1042,44,No,5,3,3,2,3162,7973,14,4,3,3,2,5,0,3,1,0,0,0,1,0,0,1,0,0,0,0,0,1,0,0,1,0,0,0,0,0,0,0,0,1,0,0
1043,53,No,2,3,4,4,16598,19764,12,2,3,2,8,9,8,8,0,0,1,0,1,0,0,0,0,1,0,0,0,1,0,0,0,0,0,1,0,0,0,0,0,1,0,0
1044,49,No,5,4,1,3,6651,21534,14,2,3,2,2,3,1,2,0,0,1,0,1,0,0,0,0,0,0,1,0,1,1,0,0,0,0,0,0,0,0,0,1,0,0,0
1045,40,No,2,3,3,3,2345,8045,14,3,3,4,1,3,1,2,0,0,1,0,1,0,0,0,0,1,0,0,0,1,0,0,0,0,0,0,1,0,0,1,0,0,0,0
1046,44,No,20,3,4,3,3420,21158,13,3,3,2,2,5,1,3,0,0,1,0,1,0,0,1,0,0,0,0,0,1,0,0,0,0,0,0,1,0,0,0,0,1,0,0
1047,33,No,7,3,4,3,4373,17456,14,1,3,3,3,4,0,3,0,1,0,0,0,1,0,0,0,1,0,0,0,1,0,0,0,0,0,0,0,1,0,0,1,0,0,0
1048,34,No,3,3,4,1,4759,15891,18,4,3,3,9,13,3,12,0,0,1,0,0,1,0,0,0,0,1,0,0,1,0,0,0,0,0,0,0,1,0,0,0,1,0,0
1049,30,No,16,1,4,3,5301,2939,15,3,3,2,1,2,2,2,0,0,1,0,0,1,0,1,0,0,0,0,0,1,0,0,0,0,0,0,0,1,0,0,1,0,0,0
1050,42,No,9,2,1,3,3673,16458,13,3,3,3,9,12,5,8,0,1,0,0,1,0,0,0,0,1,0,0,1,0,0,0,1,0,0,0,0,0,0,0,0,1,0,0
1051,44,No,1,5,1,3,4768,9282,12,3,3,2,0,1,0,0,0,1,0,0,0,1,0,0,1,0,0,0,1,0,0,0,0,0,0,0,0,1,0,0,1,0,0,0
1052,30,No,7,3,3,3,1274,7152,13,2,3,2,0,1,0,0,1,0,0,0,1,0,0,0,0,0,0,1,0,1,0,0,0,0,0,0,1,0,0,1,0,0,0,0
1053,57,No,1,2,2,4,4900,2721,24,1,4,2,9,12,2,8,0,0,1,0,1,0,0,1,0,0,0,0,0,1,0,0,0,0,0,0,1,0,0,0,1,0,0,0
1054,49,No,7,4,3,3,10466,20948,14,2,3,3,7,8,0,7,0,0,1,0,1,0,0,1,0,0,0,0,0,1,1,0,0,0,0,0,0,0,0,1,0,0,0,0
1055,34,No,15,3,2,3,17007,11929,14,4,3,2,8,14,6,9,0,1,0,0,1,0,0,0,0,1,0,0,0,1,0,0,0,0,0,1,0,0,0,1,0,0,0,0
1056,28,Yes,1,3,1,3,2909,15747,15,4,3,4,2,3,1,2,0,1,0,0,0,1,0,0,0,0,0,1,0,1,0,0,0,0,0,0,0,0,1,0,1,0,0,1
1057,29,Yes,13,3,1,3,5765,17485,11,1,3,1,3,5,0,0,0,1,0,0,0,1,0,0,0,0,0,1,1,0,0,0,0,0,0,0,0,1,0,0,0,1,0,1
1058,34,Yes,24,4,1,2,4599,7815,23,3,4,4,9,15,10,10,0,0,1,0,0,1,0,0,0,1,0,0,1,0,0,0,0,0,0,0,0,1,0,0,0,1,1,1
1059,35,No,7,1,4,3,2404,16192,13,1,3,3,0,1,0,0,0,0,1,0,0,1,0,1,0,0,0,0,0,1,0,0,0,0,0,0,0,0,1,0,1,0,0,0
1060,24,Yes,9,3,2,3,3172,16998,11,3,3,2,0,0,0,0,0,1,0,0,1,0,0,0,0,1,0,0,0,1,0,0,1,0,0,0,0,0,0,0,0,1,1,1
1061,24,No,13,2,4,3,2033,7103,13,3,3,3,0,1,0,0,1,0,0,0,0,1,0,1,0,0,0,0,1,0,0,0,0,0,0,0,0,0,1,0,1,0,0,0
1062,44,No,2,1,2,3,10209,19719,18,2,3,2,2,2,2,2,0,1,0,0,1,0,0,0,0,1,0,0,0,1,0,0,0,0,1,0,0,0,0,0,0,1,1,0
1063,29,No,19,3,3,2,8620,23757,14,3,3,3,7,10,0,4,0,0,1,0,0,1,0,1,0,0,0,0,0,1,0,0,0,0,0,0,0,1,0,1,0,0,0,0
1064,30,No,1,3,3,3,2064,15428,21,1,4,4,3,5,1,3,0,0,1,1,0,0,0,1,0,0,0,0,0,1,0,1,0,0,0,0,0,0,0,1,0,0,0,0
1065,55,No,4,4,4,3,4035,16143,16,2,3,3,2,3,1,2,0,0,1,0,1,0,0,1,0,0,0,0,0,1,1,0,0,0,0,0,0,0,0,0,1,0,1,0
1066,33,No,4,4,1,2,3838,8192,11,4,3,3,4,5,0,2,0,0,1,0,1,0,0,0,0,1,0,0,1,0,0,0,1,0,0,0,0,0,0,0,1,0,0,0
1067,47,No,14,3,3,3,4591,24200,17,3,3,2,4,5,1,2,0,0,1,0,0,1,0,0,0,1,0,0,1,0,0,0,0,0,0,0,0,1,0,0,1,0,1,0
1068,28,Yes,2,2,3,2,2561,5355,11,3,3,2,0,0,0,0,0,1,0,0,1,0,0,0,0,1,0,0,0,1,0,0,1,0,0,0,0,0,0,0,0,1,0,1
1069,28,No,1,3,1,2,1563,12530,14,4,3,1,0,1,0,0,0,0,1,0,1,0,0,1,0,0,0,0,0,1,0,0,0,0,0,0,1,0,0,1,0,0,0,0
1070,28,No,7,3,3,3,4898,11827,14,4,3,3,2,4,1,3,0,1,0,0,0,1,0,1,0,0,0,0,0,1,0,0,0,0,0,0,0,1,0,0,0,1,0,0
1071,49,No,3,2,3,2,4789,23070,25,1,4,3,2,3,1,2,0,0,1,0,1,0,0,0,0,1,0,0,1,0,0,0,1,0,0,0,0,0,0,0,1,0,0,0
1072,29,No,2,1,4,3,3180,4668,13,3,3,3,2,3,0,2,0,1,0,0,1,0,0,1,0,0,0,0,1,0,0,0,1,0,0,0,0,0,0,0,1,0,0,0
1073,28,No,29,1,3,1,6549,3173,14,2,3,2,6,8,1,7,0,0,1,0,1,0,0,1,0,0,0,0,0,1,0,0,0,0,1,0,0,0,0,0,1,0,0,0
1074,33,No,8,5,4,3,6388,22049,17,1,3,3,0,0,0,0,0,0,1,0,1,0,0,1,0,0,0,0,0,1,1,0,0,0,0,0,0,0,0,0,0,1,1,0
1075,32,No,10,3,3,3,11244,21072,25,2,4,4,2,5,0,0,0,0,1,0,1,0,0,0,0,1,0,0,0,1,0,0,0,1,0,0,0,0,0,0,0,1,0,0
1076,54,No,11,4,2,3,16032,24456,20,1,4,3,9,14,1,12,0,1,0,0,1,0,0,0,0,1,0,0,1,0,0,0,0,1,0,0,0,0,0,1,0,0,0,0
1077,29,Yes,1,4,1,2,2362,7568,13,3,3,1,7,9,0,7,0,0,1,0,1,0,0,0,0,0,0,1,0,1,0,0,0,0,0,0,1,0,0,0,0,1,0,1
1078,44,No,28,3,4,3,16328,22074,13,3,3,4,6,20,14,17,0,0,1,0,1,0,0,1,0,0,0,0,0,1,0,0,0,0,0,1,0,0,0,0,1,0,0,0
1079,39,No,6,3,2,3,8376,9150,18,4,3,3,0,2,2,2,0,0,1,0,1,0,0,1,0,0,0,0,1,0,0,0,0,0,1,0,0,0,0,0,0,1,0,0
1080,46,No,3,3,3,3,16606,11380,12,4,3,4,12,13,5,1,0,0,1,0,0,1,0,1,0,0,0,0,1,0,0,0,0,1,0,0,0,0,0,0,1,0,0,0
1081,35,No,16,3,4,2,8606,21195,19,4,3,1,8,11,3,3,0,0,1,0,1,0,0,1,0,0,0,0,1,0,1,0,0,0,0,0,0,0,0,0,0,1,0,0
1082,23,No,20,1,1,3,2272,24812,14,2,3,3,3,4,1,2,0,0,1,0,1,0,0,1,0,0,0,0,0,1,0,0,1,0,0,0,0,0,0,0,0,1,0,0
1083,40,Yes,9,4,4,3,2018,21831,14,2,3,1,4,5,1,0,0,0,1,0,1,0,0,1,0,0,0,0,0,1,0,0,1,0,0,0,0,0,0,0,0,1,0,1
1084,34,No,1,3,4,2,7083,12288,14,4,3,3,9,10,8,6,0,0,1,0,0,1,0,0,0,0,0,1,0,1,0,0,0,0,0,0,0,1,0,0,1,0,1,0
1085,31,Yes,3,3,4,3,4084,4156,12,1,3,1,2,7,7,7,0,1,0,0,1,0,0,1,0,0,0,0,1,0,0,0,0,0,0,0,1,0,0,0,0,1,0,1
1086,50,No,22,5,3,1,14411,24450,13,4,3,3,6,32,13,9,0,1,0,0,1,0,0,0,0,1,0,0,0,1,0,0,0,0,0,1,0,0,0,0,0,1,1,0
1087,34,No,7,2,2,3,2308,4944,25,2,4,3,10,11,5,7,0,0,1,0,0,1,0,0,0,0,0,1,0,1,0,0,0,0,0,0,0,0,1,0,1,0,1,0
1088,42,No,2,3,3,2,4841,24052,14,2,3,3,0,1,0,0,0,0,1,0,1,0,0,0,0,1,0,0,0,1,0,0,1,0,0,0,0,0,0,0,1,0,0,0
1089,37,No,13,3,1,3,4285,3031,17,1,3,3,8,10,3,7,0,0,1,0,1,0,0,0,0,1,0,0,0,1,0,0,0,0,0,0,1,0,0,0,1,0,0,0
1090,29,No,8,1,3,1,9715,7288,13,3,3,3,7,7,0,7,0,0,1,0,1,0,0,0,0,0,1,0,1,0,1,0,0,0,0,0,0,0,0,0,1,0,0,0
1091,33,No,25,3,4,2,4320,24152,13,4,3,3,3,5,0,2,0,0,1,0,1,0,0,1,0,0,0,0,0,1,0,0,0,0,1,0,0,0,0,0,0,1,0,0
1092,45,No,28,3,4,3,2132,4585,20,4,4,3,4,5,0,3,0,0,1,0,1,0,0,0,0,0,0,1,0,1,0,0,0,0,0,0,1,0,0,0,1,0,0,0
1093,42,No,2,3,4,3,10124,18611,14,3,3,1,8,20,13,9,0,1,0,0,1,0,0,1,0,0,0,0,0,1,1,0,0,0,0,0,0,0,0,0,1,0,1,0
1094,40,No,9,2,1,3,5473,19345,12,4,3,4,4,8,7,1,0,0,1,0,0,1,0,0,0,1,0,0,0,1,0,0,0,0,0,0,0,1,0,0,1,0,0,0
1095,33,No,28,4,2,3,5207,22949,12,2,3,3,14,15,5,7,0,0,1,0,1,0,0,1,0,0,0,0,0,1,0,0,1,0,0,0,0,0,0,0,1,0,1,0
1096,40,No,6,2,3,3,16437,17381,21,4,4,3,7,21,7,7,0,0,1,1,0,0,0,0,0,1,0,0,0,1,0,0,0,1,0,0,0,0,0,0,0,1,1,0
1097,24,No,21,2,3,2,2296,10036,14,2,3,3,1,1,0,0,0,0,1,0,1,0,0,0,0,0,0,1,0,1,0,0,1,0,0,0,0,0,0,1,0,0,0,0
1098,40,No,8,2,4,3,4069,8841,18,3,3,3,2,2,2,2,1,0,0,0,1,0,0,1,0,0,0,0,0,1,1,0,0,0,0,0,0,0,0,1,0,0,1,0
1099,45,No,1,4,1,3,7441,20933,12,1,3,3,8,10,7,7,0,0,1,0,1,0,0,0,0,0,0,1,0,1,1,0,0,0,0,0,0,0,0,1,0,0,0,0
1100,35,No,28,4,2,2,2430,26204,23,1,4,3,3,5,4,2,0,0,1,0,0,1,0,1,0,0,0,0,1,0,0,0,0,0,0,0,0,0,1,0,1,0,0,0
1101,32,No,5,2,4,2,5878,15624,12,1,3,3,1,7,2,5,0,0,1,0,1,0,0,1,0,0,0,0,1,0,0,0,0,0,0,0,1,0,0,0,1,0,0,0
1102,36,No,2,4,3,3,2644,17001,21,4,4,2,2,3,1,2,0,0,1,0,0,1,0,1,0,0,0,0,0,1,0,0,0,0,0,0,0,0,1,0,0,1,1,0
1103,48,No,16,4,3,3,6439,13693,14,3,3,3,7,8,7,7,0,0,1,0,0,1,0,1,0,0,0,0,1,0,0,0,0,0,0,0,0,1,0,1,0,0,0,0
1104,29,No,9,3,3,4,2451,22376,18,1,3,2,0,1,0,0,0,0,1,0,1,0,0,1,0,0,0,0,0,1,0,0,0,0,0,0,1,0,0,0,1,0,0,0
1105,33,No,8,4,1,3,6392,10589,13,4,3,1,2,2,2,2,0,0,1,0,0,1,0,1,0,0,0,0,0,1,0,0,0,0,0,0,0,1,0,0,1,0,0,0
1106,30,Yes,1,3,2,2,9714,5323,11,4,3,3,8,10,6,7,0,0,1,0,0,1,0,1,0,0,0,0,0,1,0,0,0,0,0,0,0,1,0,0,1,0,0,1
1107,38,No,10,4,3,3,6077,14814,11,3,3,3,3,6,1,2,0,1,0,1,0,0,1,0,0,0,0,0,0,1,0,1,0,0,0,0,0,0,0,0,1,0,0,0
1108,35,No,1,3,4,2,2450,21731,19,2,3,3,0,3,1,2,0,0,1,0,1,0,0,0,0,1,0,0,0,1,0,0,1,0,0,0,0,0,0,0,0,1,0,0
1109,30,No,29,4,3,3,9250,17799,12,2,3,3,2,4,1,3,0,0,1,0,0,1,0,0,0,0,0,1,0,1,0,0,0,0,0,0,0,1,0,0,1,0,0,0
1110,35,Yes,2,3,1,3,2074,26619,12,4,3,3,0,1,0,0,0,0,1,0,1,0,0,1,0,0,0,0,1,0,0,0,1,0,0,0,0,0,0,1,0,0,1,1
1111,53,Yes,2,5,3,2,10169,14618,16,2,3,3,7,33,1,9,0,0,1,0,1,0,0,0,0,0,0,1,1,0,0,0,0,0,1,0,0,0,0,0,1,0,0,1
1112,38,Yes,2,3,3,3,4855,7653,11,1,3,3,2,5,1,4,0,0,1,0,1,0,0,0,0,1,0,0,0,1,0,0,0,0,1,0,0,0,0,0,1,0,0,1
1113,32,No,1,4,4,3,4087,25174,14,2,3,2,5,6,1,2,1,0,0,0,1,0,0,0,0,0,0,1,0,1,0,0,0,0,0,0,1,0,0,0,1,0,0,0
1114,48,No,15,4,3,3,2367,16530,12,4,3,2,2,8,7,6,0,0,1,0,1,0,0,0,0,0,1,0,1,0,0,0,0,0,0,0,1,0,0,0,1,0,0,0
1115,34,No,7,4,1,3,2972,22061,13,3,3,1,0,1,0,0,0,0,1,0,1,0,0,0,0,1,0,0,0,1,0,0,0,0,0,0,1,0,0,0,0,1,0,0
1116,55,No,26,5,3,2,19586,23037,21,3,4,3,6,36,2,13,0,0,1,0,0,1,0,0,1,0,0,0,0,1,0,0,0,1,0,0,0,0,0,0,1,0,0,0
1117,34,No,1,4,2,3,5484,13008,17,2,3,2,2,2,2,1,0,0,1,0,1,0,0,1,0,0,0,0,0,1,0,0,0,0,0,0,1,0,0,0,1,0,0,0
1118,26,No,3,3,1,3,2061,11133,21,1,4,3,0,1,0,0,0,0,1,0,1,0,0,1,0,0,0,0,1,0,0,0,0,0,0,0,1,0,0,0,1,0,0,0
1119,38,No,14,3,3,3,9924,12355,11,4,3,3,8,9,7,7,0,0,1,0,0,1,0,1,0,0,0,0,0,1,0,0,0,0,0,0,0,1,0,0,1,0,0,0
1120,38,No,16,3,2,3,4198,16379,12,2,3,4,2,3,1,2,0,0,1,0,0,1,0,1,0,0,0,0,1,0,0,0,0,0,0,0,0,1,0,0,0,1,0,0
1121,36,No,1,4,2,3,6815,21447,13,1,3,3,0,1,0,0,0,0,1,0,0,1,0,1,0,0,0,0,1,0,0,0,0,0,0,0,0,1,0,0,0,1,0,0
1122,29,No,3,1,2,3,4723,16213,18,4,3,3,9,10,1,5,0,0,1,0,1,0,0,0,0,1,0,0,0,1,0,0,1,0,0,0,0,0,0,0,0,1,1,0
1123,35,No,10,4,1,3,6142,4223,16,3,3,3,2,5,0,4,0,0,1,0,1,0,0,0,0,1,0,0,1,0,1,0,0,0,0,0,0,0,0,0,0,1,1,0
1124,39,No,6,3,4,4,8237,4658,11,1,3,3,6,7,7,6,0,0,1,0,0,1,0,0,0,1,0,0,0,1,0,0,0,0,0,0,0,1,0,0,1,0,0,0
1125,29,No,2,1,1,3,8853,24483,19,4,3,4,4,6,1,3,0,1,0,0,1,0,0,1,0,0,0,0,0,1,1,0,0,0,0,0,0,0,0,1,0,0,0,0
1126,50,No,9,3,3,3,19331,19519,16,3,3,3,0,1,0,0,0,0,1,0,0,1,0,0,1,0,0,0,0,1,0,0,0,1,0,0,0,0,0,0,1,0,1,0
1127,23,No,10,3,4,4,2073,12826,16,4,3,3,2,2,2,2,0,0,1,0,1,0,0,0,0,0,0,1,0,1,0,0,0,0,0,0,1,0,0,0,1,0,0,0
1128,36,No,6,4,1,4,5562,19711,13,4,3,3,2,3,0,2,0,1,0,0,1,0,0,1,0,0,0,0,0,1,0,0,1,0,0,0,0,0,0,0,1,0,1,0
1129,42,No,9,2,4,2,19613,26362,22,4,4,3,0,1,0,1,0,0,1,0,1,0,0,0,0,0,1,0,0,1,0,0,0,1,0,0,0,0,0,0,0,1,0,0
1130,35,No,28,3,2,4,3407,25348,17,4,3,2,9,10,6,8,0,0,1,0,1,0,0,1,0,0,0,0,0,1,0,0,1,0,0,0,0,0,0,0,1,0,0,0
1131,34,No,10,4,4,2,5063,15332,14,2,3,2,2,8,7,7,0,1,0,0,1,0,0,0,0,0,0,1,0,1,1,0,0,0,0,0,0,0,0,0,1,0,0,0
1132,40,No,14,2,4,3,4639,11262,15,3,3,3,4,5,1,2,0,0,1,0,0,1,0,1,0,0,0,0,1,0,0,0,0,0,0,0,0,1,0,0,1,0,0,0
1133,43,No,27,3,4,4,4876,5855,12,3,3,3,4,6,0,2,0,0,1,0,1,0,0,0,0,0,0,1,0,1,0,0,1,0,0,0,0,0,0,1,0,0,0,0
1134,35,No,7,2,3,2,2690,7713,18,4,3,2,0,1,0,1,0,0,1,0,1,0,0,1,0,0,0,0,0,1,0,0,1,0,0,0,0,0,0,0,1,0,0,0
1135,46,No,1,4,4,4,17567,3156,15,2,3,1,0,26,0,12,0,0,1,0,0,1,0,1,0,0,0,0,0,1,0,0,0,1,0,0,0,0,0,0,0,1,0,0
1136,28,Yes,24,3,3,3,2408,7324,17,3,3,3,1,1,0,0,0,0,1,0,1,0,0,0,0,1,0,0,0,1,0,0,1,0,0,0,0,0,0,0,1,0,1,1
1137,22,No,26,2,2,2,2814,10293,14,2,3,2,2,4,1,3,1,0,0,0,1,0,0,0,0,0,1,0,1,0,0,0,0,0,0,0,1,0,0,0,1,0,1,0
1138,50,No,20,5,2,3,11245,20689,15,3,3,3,8,30,12,13,0,1,0,0,1,0,0,0,0,1,0,0,0,1,1,0,0,0,0,0,0,0,0,0,1,0,1,0
1139,32,No,5,4,2,4,3312,18783,17,4,3,3,2,3,0,2,0,0,1,0,1,0,0,0,0,0,1,0,1,0,0,0,0,0,0,0,1,0,0,0,1,0,0,0
1140,44,No,7,3,2,3,19049,3549,14,4,3,2,7,22,1,10,0,0,1,0,1,0,0,0,0,1,0,0,1,0,0,0,0,0,0,1,0,0,0,1,0,0,1,0
1141,30,No,7,3,2,2,2141,5348,12,2,3,2,4,6,1,1,0,0,1,0,1,0,0,0,0,1,0,0,0,1,0,0,0,0,0,0,1,0,0,0,1,0,0,0
1142,45,No,5,5,3,1,5769,23447,14,1,3,3,7,10,1,4,0,0,1,0,1,0,0,0,0,1,0,0,1,0,0,0,1,0,0,0,0,0,0,0,0,1,1,0
1143,45,No,26,3,1,2,4385,24162,15,1,3,3,7,10,4,5,1,0,0,0,0,1,0,0,1,0,0,0,0,1,0,0,0,0,0,0,0,1,0,0,1,0,0,0
1144,31,No,2,4,4,3,5332,21602,13,4,3,3,2,5,0,3,0,1,0,0,0,1,0,0,0,0,1,0,0,1,0,0,0,0,0,0,0,1,0,0,0,1,0,0
1145,36,No,12,4,3,3,4663,12421,12,2,3,3,2,3,1,1,0,0,1,0,1,0,0,1,0,0,0,0,1,0,0,0,0,0,1,0,0,0,0,0,1,0,1,0
1146,34,No,10,4,3,4,4724,17000,13,1,3,3,7,9,7,2,0,1,0,0,1,0,0,1,0,0,0,0,0,1,0,0,0,0,1,0,0,0,0,1,0,0,0,0
1147,49,No,25,4,3,3,3211,22102,14,4,3,2,6,9,1,4,0,0,1,0,1,0,0,1,0,0,0,0,1,0,0,0,1,0,0,0,0,0,0,0,1,0,0,0
1148,39,No,10,5,2,3,5377,3835,13,4,3,3,7,7,7,7,0,0,1,0,1,0,0,0,0,1,0,0,0,1,0,0,0,0,1,0,0,0,0,0,1,0,0,0
1149,27,No,19,3,4,2,4066,16290,11,1,3,3,7,7,0,7,0,0,1,0,1,0,0,0,0,0,1,0,0,1,0,0,1,0,0,0,0,0,0,1,0,0,0,0
1150,35,No,18,5,2,4,5208,26312,11,4,3,3,15,16,1,10,0,0,1,0,1,0,0,1,0,0,0,0,0,1,0,0,0,0,0,0,1,0,0,0,1,0,0,0
1151,28,No,27,3,2,1,4877,20460,21,2,4,2,3,5,0,0,0,0,1,0,1,0,0,0,0,1,0,0,1,0,0,0,0,0,1,0,0,0,0,1,0,0,0,0
1152,21,No,5,1,3,3,3117,26009,18,3,3,3,2,2,2,2,0,0,1,0,1,0,0,0,0,1,0,0,0,1,0,0,0,0,0,0,1,0,0,0,0,1,0,0
1153,18,Yes,3,2,2,3,1569,18420,12,3,3,4,0,0,0,0,0,1,0,0,0,1,0,0,0,1,0,0,1,0,0,0,0,0,0,0,0,0,1,0,0,1,1,1
1154,47,No,26,4,4,3,19658,5220,11,3,3,3,2,5,1,0,0,0,1,1,0,0,0,1,0,0,0,0,1,0,0,0,0,1,0,0,0,0,0,0,1,0,0,0
1155,39,No,3,2,3,2,3069,10302,15,4,3,3,8,10,0,7,0,0,1,0,1,0,0,0,0,1,0,0,0,1,0,0,1,0,0,0,0,0,0,1,0,0,0,0
1156,40,No,15,3,1,2,10435,25800,13,4,3,3,15,18,14,12,0,0,1,0,1,0,0,1,0,0,0,0,1,0,0,0,0,0,1,0,0,0,0,0,1,0,0,0
1157,35,No,8,4,3,3,4148,12250,12,4,3,3,11,14,2,9,1,0,0,0,1,0,0,1,0,0,0,0,1,0,1,0,0,0,0,0,0,0,0,0,1,0,0,0
1158,37,No,19,3,3,3,5768,26493,17,1,3,2,3,4,0,2,0,0,1,0,1,0,0,1,0,0,0,0,0,1,0,0,0,0,1,0,0,0,0,0,1,0,0,0
1159,39,No,4,3,1,3,5042,3140,13,4,3,1,2,9,3,8,0,1,0,0,1,0,0,0,0,1,0,0,1,0,0,0,0,0,1,0,0,0,0,0,0,1,0,0
1160,45,No,2,2,4,2,5770,5388,19,1,3,3,7,10,3,9,0,0,1,0,1,0,0,0,0,0,1,0,1,0,0,0,0,0,1,0,0,0,0,1,0,0,0,0
1161,38,No,2,2,4,2,7756,14199,19,4,3,4,4,5,0,2,0,0,1,0,1,0,0,0,0,1,0,0,1,0,0,0,0,0,1,0,0,0,0,0,1,0,1,0
1162,35,Yes,10,3,4,2,10306,21530,17,3,3,3,12,13,6,0,0,0,1,0,0,1,0,0,0,1,0,0,0,1,0,0,0,0,0,0,0,1,0,0,1,0,0,1
1163,37,No,10,3,2,3,3936,9953,11,1,3,1,4,8,7,7,0,0,1,0,1,0,0,0,0,1,0,0,1,0,0,0,0,0,0,0,1,0,0,0,1,0,0,0
1164,40,No,16,3,3,3,7945,19948,15,4,3,2,2,4,3,3,0,0,1,0,1,0,0,1,0,0,0,0,1,0,0,0,0,0,1,0,0,0,0,0,0,1,1,0
1165,44,No,1,5,1,3,5743,10503,11,3,3,3,7,10,0,2,0,1,0,1,0,0,1,0,0,0,0,0,0,1,0,1,0,0,0,0,0,0,0,0,1,0,1,0
1166,48,No,4,5,3,2,15202,5602,25,2,4,3,2,2,2,2,0,1,0,0,1,0,0,0,0,1,0,0,0,1,0,0,0,1,0,0,0,0,0,0,1,0,0,0
1167,35,Yes,15,2,1,1,5440,22098,14,4,3,2,2,2,2,2,0,0,1,0,0,1,0,0,0,1,0,0,0,1,0,0,0,0,0,0,0,1,0,1,0,0,1,1
1168,24,No,2,1,1,3,3760,17218,13,3,3,3,3,6,1,3,0,1,0,0,1,0,0,0,0,0,0,1,1,0,0,0,0,0,0,0,1,0,0,0,0,1,1,0
1169,27,No,8,3,2,4,3517,22490,17,1,3,3,2,3,0,2,0,0,1,0,1,0,0,0,0,1,0,0,1,0,0,0,0,0,0,0,1,0,0,0,1,0,0,0
1170,27,No,2,3,4,3,2580,6297,13,3,3,2,2,4,1,2,0,1,0,0,1,0,0,0,0,1,0,0,0,1,0,0,0,0,0,0,1,0,0,0,0,1,0,0
1171,40,Yes,7,3,1,3,2166,3339,14,2,3,1,2,4,0,3,0,0,1,0,1,0,0,1,0,0,0,0,0,1,0,0,1,0,0,0,0,0,0,0,0,1,1,1
1172,29,No,10,3,3,2,5869,23413,11,3,3,3,2,5,1,4,0,0,1,0,0,1,0,0,0,1,0,0,0,1,0,0,0,0,0,0,0,1,0,0,0,1,0,0
1173,36,No,5,4,2,3,8008,22792,12,3,3,3,2,3,0,2,0,0,1,0,1,0,0,1,0,0,0,0,1,0,1,0,0,0,0,0,0,0,0,0,1,0,0,0
1174,25,No,2,1,4,4,5206,4973,17,3,3,3,7,7,0,7,0,1,0,0,1,0,0,1,0,0,0,0,0,1,0,0,0,0,1,0,0,0,0,1,0,0,0,0
1175,39,No,12,3,4,3,5295,7693,21,3,4,3,4,5,1,0,0,0,1,0,1,0,0,0,0,1,0,0,0,1,0,0,0,0,1,0,0,0,0,0,1,0,0,0
1176,49,No,22,4,1,3,16413,3498,16,2,3,3,2,4,1,2,0,0,1,0,1,0,0,0,0,0,1,0,1,0,0,0,0,0,0,1,0,0,0,0,1,0,0,0
1177,50,No,17,5,4,2,13269,21981,15,3,3,3,11,14,1,11,0,0,1,0,1,0,0,1,0,0,0,0,1,0,0,0,0,0,0,1,0,0,0,1,0,0,0,0
1178,20,No,2,3,3,3,2783,13251,19,1,3,3,2,2,2,2,0,0,1,0,0,1,0,0,0,1,0,0,1,0,0,0,0,0,0,0,0,0,1,0,0,1,0,0
1179,34,No,3,3,4,3,5433,19332,12,3,3,3,8,11,7,9,0,0,1,0,1,0,0,1,0,0,0,0,1,0,0,0,0,0,0,0,1,0,0,1,0,0,0,0
1180,36,No,7,3,1,3,2013,10950,11,3,3,3,3,4,1,3,0,0,1,0,1,0,0,1,0,0,0,0,0,1,0,0,1,0,0,0,0,0,0,0,0,1,0,0
1181,49,No,6,1,3,2,13966,11652,19,2,3,3,11,15,2,12,0,0,1,0,1,0,0,1,0,0,0,0,1,0,1,0,0,0,0,0,0,0,0,0,1,0,1,0
1182,36,No,1,4,4,2,4374,15411,15,3,3,3,2,3,1,2,1,0,0,0,1,0,0,0,0,1,0,0,1,0,0,0,0,0,1,0,0,0,0,0,1,0,0,0
1183,36,No,3,2,4,4,6842,26308,20,1,4,3,4,5,0,4,0,0,1,0,1,0,0,1,0,0,0,0,0,1,1,0,0,0,0,0,0,0,0,1,0,0,0,0
1184,54,No,22,5,2,3,17426,18685,25,3,4,3,8,10,4,7,0,0,1,0,1,0,0,0,0,1,0,0,1,0,0,0,0,1,0,0,0,0,0,0,1,0,0,0
1185,43,No,15,2,3,2,17603,3525,24,1,4,3,10,14,6,11,0,0,1,0,1,0,0,1,0,0,0,0,0,1,0,0,0,0,0,1,0,0,0,0,1,0,0,0
1186,35,Yes,12,4,4,3,4581,10414,24,1,4,4,9,11,6,7,0,1,0,0,0,1,0,0,0,0,1,0,0,1,0,0,0,0,0,0,0,1,0,0,0,1,1,1
1187,38,No,1,3,4,3,4735,9867,15,4,3,4,11,13,2,9,0,1,0,0,1,0,0,1,0,0,0,0,0,1,0,0,0,0,0,0,1,0,0,0,1,0,0,0
1188,29,No,5,3,1,2,4187,3356,13,2,3,2,0,10,0,9,0,0,1,0,0,1,0,0,0,1,0,0,0,1,0,0,0,0,0,0,0,1,0,1,0,0,1,0
1189,33,No,2,4,4,3,5505,3921,14,3,3,3,2,6,0,4,0,0,1,0,0,1,0,0,0,1,0,0,0,1,0,0,0,0,0,0,0,1,0,1,0,0,0,0
1190,32,No,2,3,4,3,5470,25518,13,3,3,2,5,9,1,6,0,0,1,0,1,0,0,0,0,1,0,0,0,1,0,0,0,0,0,0,1,0,0,1,0,0,0,0
1191,31,No,5,4,1,3,5476,22589,11,1,3,3,0,10,0,2,0,0,1,0,0,1,0,1,0,0,0,0,1,0,0,0,0,0,0,0,0,1,0,0,1,0,0,0
1192,49,No,16,3,4,3,2587,24941,16,2,3,2,2,2,2,2,0,0,1,0,1,0,0,0,0,1,0,0,1,0,0,0,1,0,0,0,0,0,0,1,0,0,1,0
1193,38,No,2,3,4,2,2440,23826,22,2,4,3,3,4,3,3,0,1,0,0,1,0,0,0,0,1,0,0,1,0,0,0,1,0,0,0,0,0,0,0,0,1,0,0
1194,47,No,2,4,2,4,15972,21086,14,3,3,3,2,3,1,2,0,0,1,0,0,1,0,1,0,0,0,0,1,0,0,0,0,1,0,0,0,0,0,1,0,0,0,0
1195,49,No,1,3,3,3,15379,22384,14,1,3,3,7,8,0,0,0,0,1,0,1,0,0,1,0,0,0,0,0,1,0,0,0,1,0,0,0,0,0,0,0,1,0,0
1196,41,No,23,2,4,3,7082,11591,16,4,3,3,0,2,0,2,0,0,1,0,0,1,0,1,0,0,0,0,0,1,0,0,0,0,0,0,0,1,0,0,0,1,1,0
1197,20,No,9,1,4,3,2728,21082,11,1,3,3,2,2,0,2,0,0,1,0,0,1,0,1,0,0,0,0,0,1,0,0,0,0,0,0,0,0,1,0,0,1,0,0
1198,33,No,16,3,3,3,5368,16130,25,3,4,3,5,6,1,2,1,0,0,0,0,1,0,1,0,0,0,0,1,0,0,0,0,0,0,0,0,1,0,1,0,0,1,0
1199,36,No,26,4,1,3,5347,7419,14,2,3,2,2,3,0,2,0,0,1,0,1,0,0,1,0,0,0,0,0,1,1,0,0,0,0,0,0,0,0,0,1,0,0,0
1200,44,No,1,3,3,3,3195,4167,18,1,3,3,2,2,2,2,0,0,1,1,0,0,0,1,0,0,0,0,1,0,0,1,0,0,0,0,0,0,0,1,0,0,1,0
1201,23,Yes,8,1,4,2,3989,20586,11,1,3,3,4,5,1,2,0,0,1,0,1,0,0,0,0,1,0,0,0,1,0,0,1,0,0,0,0,0,0,0,0,1,1,1
1202,38,No,4,2,4,3,3306,26176,19,4,3,2,0,0,0,0,0,0,1,0,1,0,0,0,0,1,0,0,1,0,0,0,1,0,0,0,0,0,0,0,1,0,0,0
1203,53,No,24,4,2,4,7005,3458,15,3,3,3,3,4,1,2,0,0,1,0,1,0,0,0,0,1,0,0,0,1,1,0,0,0,0,0,0,0,0,0,1,0,0,0
1204,48,Yes,7,2,4,3,2655,11740,11,3,3,3,7,9,7,7,0,1,0,0,0,1,0,0,0,1,0,0,1,0,0,0,0,0,0,0,0,0,1,0,1,0,1,1
1205,32,Yes,2,4,4,3,1393,24852,12,1,3,3,0,1,0,0,0,0,1,0,1,0,0,1,0,0,0,0,0,1,0,0,1,0,0,0,0,0,0,0,0,1,0,1
1206,26,No,7,3,4,3,2570,11925,20,3,4,3,7,7,5,7,1,0,0,0,1,0,0,0,0,1,0,0,0,1,0,0,1,0,0,0,0,0,0,0,0,1,0,0
1207,55,No,22,3,1,2,3537,23737,12,4,3,3,2,4,1,2,0,0,1,0,1,0,0,0,0,0,0,1,0,1,0,0,0,0,0,0,1,0,0,1,0,0,0,0
1208,34,No,5,2,2,2,3986,11912,14,3,3,4,10,15,4,13,0,0,1,0,1,0,0,0,0,1,0,0,0,1,0,0,1,0,0,0,0,0,0,0,1,0,0,0
1209,60,No,1,4,3,1,10883,20467,20,3,4,4,0,1,0,0,0,0,1,0,1,0,0,0,0,1,0,0,0,1,1,0,0,0,0,0,0,0,0,1,0,0,0,0
1210,33,No,21,3,2,4,2028,13637,18,4,3,3,11,14,2,13,0,0,1,0,1,0,0,0,0,1,0,0,0,1,0,0,1,0,0,0,0,0,0,0,1,0,0,0
1211,37,No,1,4,3,1,9525,7677,14,3,3,2,3,6,1,3,0,1,0,0,0,1,0,0,0,1,0,0,0,1,0,0,0,0,0,0,0,1,0,1,0,0,0,0
1212,34,No,19,3,2,2,2929,20338,12,2,3,3,9,10,8,7,0,0,1,0,1,0,0,1,0,0,0,0,1,0,0,0,0,0,0,0,1,0,0,0,1,0,0,0
1213,23,Yes,7,3,3,3,2275,25103,21,2,4,3,2,3,0,2,0,0,1,0,0,1,0,1,0,0,0,0,0,1,0,0,0,0,0,0,0,0,1,1,0,0,1,1
1214,44,No,2,3,3,4,7879,14810,19,2,3,3,7,8,6,7,0,0,1,0,1,0,0,1,0,0,0,0,1,0,1,0,0,0,0,0,0,0,0,0,1,0,1,0
1215,35,No,2,4,1,2,4930,13970,14,3,3,4,4,5,1,4,0,1,0,0,1,0,0,0,0,1,0,0,0,1,0,0,0,0,0,0,1,0,0,0,0,1,1,0
1216,43,No,2,3,4,3,7847,6069,17,1,3,3,9,10,8,8,0,0,1,0,0,1,0,0,0,1,0,0,0,1,0,0,0,0,0,0,0,1,0,0,1,0,1,0
1217,24,No,9,3,3,4,4401,17616,16,4,3,3,3,5,0,4,0,0,1,0,1,0,0,0,0,1,0,0,0,1,0,0,0,0,0,0,1,0,0,0,1,0,0,0
1218,41,No,6,3,4,3,9241,15869,12,2,3,3,8,10,8,7,0,0,1,0,0,1,0,0,1,0,0,0,0,1,0,0,0,0,0,0,0,1,0,0,0,1,0,0
1219,29,No,9,4,4,3,2974,25412,17,3,3,3,3,5,1,2,0,0,1,0,1,0,0,0,0,1,0,0,1,0,0,0,1,0,0,0,0,0,0,0,1,0,0,0
1220,36,No,2,4,3,3,4502,7439,15,3,3,2,7,13,6,7,0,0,1,0,0,1,0,1,0,0,0,0,1,0,0,0,0,0,0,0,0,0,1,0,0,1,0,0
1221,45,No,1,1,3,2,10748,3395,23,4,4,2,15,23,14,4,1,0,0,0,1,0,0,1,0,0,0,0,0,1,1,0,0,0,0,0,0,0,0,0,1,0,0,0
1222,24,Yes,22,1,4,1,1555,11585,11,3,3,3,0,1,0,0,0,0,1,1,0,0,1,0,0,0,0,0,0,1,0,1,0,0,0,0,0,0,0,0,1,0,0,1
1223,47,Yes,9,3,3,1,12936,24164,11,3,3,1,5,23,14,10,0,1,0,0,0,1,0,1,0,0,0,0,0,1,0,0,0,0,0,0,0,1,0,0,1,0,0,1
1224,26,No,17,4,4,1,2305,6217,15,3,3,4,2,3,0,2,0,0,1,0,1,0,0,0,0,1,0,0,0,1,0,0,1,0,0,0,0,0,0,0,1,0,0,0
1225,45,No,28,2,4,2,16704,17119,11,3,3,3,6,21,8,6,0,0,1,0,1,0,0,0,0,0,0,1,1,0,0,0,0,0,0,1,0,0,0,0,0,1,0,0
1226,32,No,10,3,1,3,3433,17360,13,1,3,2,2,5,1,3,0,1,0,0,1,0,0,1,0,0,0,0,0,1,0,0,0,0,0,0,1,0,0,0,1,0,0,0
1227,31,No,2,4,2,3,3477,18103,14,4,3,4,2,5,0,3,0,0,1,0,1,0,0,1,0,0,0,0,0,1,0,0,1,0,0,0,0,0,0,0,1,0,0,0
1228,41,No,4,3,3,1,6430,20794,19,2,3,3,2,3,1,2,1,0,0,1,0,0,1,0,0,0,0,0,0,1,0,1,0,0,0,0,0,0,0,0,1,0,0,0
1229,40,No,8,2,2,3,6516,5041,16,2,3,3,0,1,0,0,0,0,1,0,1,0,0,1,0,0,0,0,1,0,0,0,0,0,1,0,0,0,0,0,1,0,1,0
1230,24,No,29,1,2,3,3907,3622,13,2,3,4,2,6,1,2,0,0,1,0,1,0,0,0,0,1,0,0,0,1,0,0,1,0,0,0,0,0,0,1,0,0,0,0
1231,46,No,13,4,3,3,5562,9697,14,4,3,3,7,10,0,9,0,0,1,0,1,0,0,1,0,0,0,0,0,1,1,0,0,0,0,0,0,0,0,0,0,1,0,0
1232,35,No,27,4,4,3,6883,5151,16,2,3,3,7,7,0,7,0,0,1,0,1,0,0,1,0,0,0,0,0,1,0,0,0,0,1,0,0,0,0,0,1,0,0,0
1233,30,No,16,1,2,3,2862,3811,12,2,3,2,0,10,0,8,0,0,1,0,1,0,0,1,0,0,0,0,0,1,0,0,0,0,0,0,1,0,0,0,1,0,0,0
1234,47,No,2,4,3,3,4978,3536,11,4,3,1,0,1,0,0,1,0,0,0,0,1,0,0,1,0,0,0,0,1,0,0,0,0,0,0,0,1,0,0,1,0,0,0
1235,46,No,2,3,3,3,10368,5596,12,2,3,2,6,10,0,3,0,0,1,0,0,1,0,1,0,0,0,0,0,1,0,0,0,0,0,0,0,1,0,1,0,0,1,0
1236,36,Yes,13,5,2,2,6134,8658,13,2,3,3,2,2,2,2,0,0,1,0,0,1,0,0,1,0,0,0,0,1,0,0,0,0,0,0,0,1,0,1,0,0,1,1
1237,32,Yes,1,2,1,1,6735,12147,15,2,3,3,0,0,0,0,0,0,1,0,0,1,0,1,0,0,0,0,0,1,0,0,0,0,0,0,0,1,0,0,0,1,0,1
1238,23,No,4,1,3,3,3295,12862,13,3,3,1,2,3,1,2,0,0,1,0,1,0,0,0,0,1,0,0,1,0,0,0,1,0,0,0,0,0,0,0,0,1,0,0
1239,31,No,24,1,4,3,5238,6670,20,4,4,2,4,5,1,4,0,1,0,0,1,0,0,0,0,0,0,1,1,0,0,0,0,0,1,0,0,0,0,0,0,1,0,0
1240,39,No,1,3,4,3,6472,8989,15,4,3,3,8,9,5,8,1,0,0,0,1,0,0,1,0,0,0,0,0,1,0,0,1,0,0,0,0,0,0,0,1,0,1,0
1241,32,No,19,3,4,1,9610,3840,13,3,3,1,3,4,0,2,0,0,1,0,0,1,0,1,0,0,0,0,0,1,0,0,0,0,0,0,0,1,0,0,1,0,0,0
1242,40,No,7,4,2,3,19833,4349,14,2,3,2,8,21,12,8,0,0,1,0,0,1,0,0,0,1,0,0,0,1,0,0,0,1,0,0,0,0,0,0,0,1,0,0
1243,45,No,4,3,3,1,9756,6595,21,3,4,4,0,5,0,3,0,0,1,1,0,0,0,1,0,0,0,0,1,0,0,1,0,0,0,0,0,0,0,0,1,0,0,0
1244,30,No,2,4,4,2,4968,26427,16,4,3,3,7,9,0,7,0,1,0,0,1,0,0,0,0,0,0,1,1,0,0,0,0,0,0,0,1,0,0,0,0,1,0,0
1245,24,No,10,3,1,3,2145,2097,14,4,3,3,2,2,2,1,0,1,0,1,0,0,0,0,0,1,0,0,0,1,0,1,0,0,0,0,0,0,0,0,1,0,0,0
1246,30,Yes,8,3,3,2,2180,9732,11,3,3,2,2,4,1,2,0,1,0,1,0,0,1,0,0,0,0,0,1,0,0,1,0,0,0,0,0,0,0,1,0,0,0,1
1247,31,No,5,3,1,3,8346,20943,19,3,3,3,2,5,0,2,0,0,1,0,0,1,0,0,0,0,0,1,0,1,0,0,0,0,0,0,0,1,0,0,1,0,0,0
1248,27,No,8,3,3,3,3445,6152,11,3,3,2,2,6,1,4,0,0,1,0,1,0,0,0,0,1,0,0,1,0,0,0,0,0,0,0,1,0,0,0,0,1,0,0
1249,29,Yes,9,3,2,1,2760,14630,13,3,3,3,2,2,2,2,0,0,1,0,0,1,0,0,1,0,0,0,1,0,0,0,0,0,0,0,0,0,1,0,0,1,0,1
1250,29,No,1,3,4,4,6294,23060,12,4,3,4,2,3,0,2,0,1,0,0,1,0,0,1,0,0,0,0,0,1,1,0,0,0,0,0,0,0,0,0,0,1,1,0
1251,30,No,15,2,3,2,7140,3088,11,1,3,3,7,7,1,7,0,0,1,0,0,1,0,0,1,0,0,0,0,1,0,0,0,0,0,0,0,1,0,1,0,0,0,0
1252,34,No,2,4,4,4,2932,5586,14,1,3,3,0,5,1,2,0,0,1,0,1,0,0,0,0,1,0,0,0,1,0,0,0,0,0,0,1,0,0,0,1,0,1,0
1253,33,No,2,3,4,3,5147,10697,15,4,3,2,7,11,1,7,1,0,0,0,0,1,0,0,1,0,0,0,1,0,0,0,0,0,0,0,0,1,0,0,0,1,0,0
1254,49,No,11,4,4,3,4507,8191,12,3,3,4,1,5,0,4,0,0,1,0,0,1,0,0,1,0,0,0,1,0,0,0,0,0,0,0,0,1,0,0,0,1,0,0
1255,33,Yes,16,3,1,3,8564,10092,20,3,4,2,0,0,0,0,0,0,1,0,0,1,0,1,0,0,0,0,1,0,0,0,0,0,0,0,0,1,0,0,0,1,1,1
1256,38,No,2,2,3,2,2468,15963,14,2,3,2,1,6,0,5,0,1,0,0,1,0,0,0,0,1,0,0,1,0,0,0,1,0,0,0,0,0,0,0,1,0,0,0
1257,31,Yes,16,4,1,3,8161,19002,13,1,3,3,0,1,0,0,0,0,1,0,0,1,0,0,1,0,0,0,0,1,0,0,0,0,0,0,0,1,0,0,1,0,0,1
1258,29,No,4,3,4,2,2109,10007,13,3,3,3,0,1,0,0,0,0,1,0,1,0,0,0,0,0,0,1,1,0,0,0,0,0,0,0,1,0,0,1,0,0,0,0
1259,30,No,16,3,3,4,5294,9128,16,3,3,3,0,7,1,7,0,0,1,0,1,0,0,1,0,0,0,0,0,1,1,0,0,0,0,0,0,0,0,0,1,0,0,0
1260,32,No,5,4,2,3,2718,17674,14,2,3,3,7,7,0,7,1,0,0,0,1,0,0,0,0,0,0,1,0,1,0,0,0,0,0,0,1,0,0,0,0,1,0,0
1261,38,No,18,3,2,1,5811,24539,16,3,3,3,0,1,1,0,0,0,1,0,1,0,0,0,0,1,0,0,0,1,1,0,0,0,0,0,0,0,0,0,1,0,1,0
1262,43,Yes,17,3,3,2,2437,15587,16,4,3,3,0,1,0,0,0,1,0,0,1,0,0,0,0,0,0,1,0,1,0,0,0,0,0,0,1,0,0,0,1,0,1,1
1263,42,No,12,3,2,3,2766,8952,22,2,4,2,3,5,0,4,0,0,1,0,1,0,0,0,0,1,0,0,0,1,0,0,1,0,0,0,0,0,0,1,0,0,0,0
1264,55,No,2,3,3,2,19038,19805,12,2,3,3,0,1,0,0,0,0,1,0,1,0,0,0,0,1,0,0,0,1,0,0,0,0,0,1,0,0,0,0,1,0,0,0
1265,33,No,4,3,4,3,3055,6194,15,4,3,2,8,9,1,7,1,0,0,0,1,0,0,0,0,0,0,1,0,1,0,0,0,0,0,0,1,0,0,1,0,0,0,0
1266,41,No,9,4,3,3,2289,20520,20,2,4,3,3,5,0,4,0,0,1,0,1,0,0,1,0,0,0,0,0,1,0,0,1,0,0,0,0,0,0,1,0,0,0,0
1267,34,No,10,3,4,3,4001,12313,14,3,3,3,14,15,0,7,1,0,0,0,0,1,0,1,0,0,0,0,0,1,0,0,0,0,0,0,0,1,0,1,0,0,1,0
1268,53,No,1,4,1,2,12965,22308,20,4,4,2,2,3,0,2,1,0,0,0,1,0,0,0,0,1,0,0,1,0,0,0,0,0,1,0,0,0,0,0,1,0,1,0
1269,43,No,2,3,2,3,3539,5033,13,2,3,3,7,9,1,8,0,0,1,1,0,0,0,1,0,0,0,0,0,1,0,1,0,0,0,0,0,0,0,0,0,1,0,0
1270,34,No,3,2,4,1,6029,25353,12,1,3,3,2,2,2,2,0,0,1,0,0,1,0,1,0,0,0,0,1,0,0,0,0,0,0,0,0,1,0,0,0,1,0,0
1271,21,Yes,7,1,2,3,2679,4567,13,2,3,3,0,1,1,0,0,0,1,0,0,1,0,0,1,0,0,0,0,1,0,0,0,0,0,0,0,0,1,0,0,1,0,1
1272,38,No,6,2,4,2,3702,16376,11,2,3,3,4,5,0,4,0,0,1,0,1,0,0,0,0,0,1,0,1,0,0,0,1,0,0,0,0,0,0,0,1,0,0,0
1273,22,Yes,8,1,3,3,2398,15999,17,3,3,3,0,1,0,0,0,0,1,0,1,0,0,0,0,1,0,0,1,0,0,0,1,0,0,0,0,0,0,0,1,0,1,1
1274,31,No,29,4,1,2,5468,13402,14,1,3,3,7,12,5,7,0,0,1,0,0,1,0,0,1,0,0,0,1,0,0,0,0,0,0,0,0,1,0,0,1,0,0,0
1275,51,No,3,3,1,3,13116,22984,11,4,3,3,2,2,2,2,0,0,1,0,1,0,0,0,0,0,0,1,1,0,0,0,0,1,0,0,0,0,0,0,1,0,0,0
1276,37,No,9,2,2,2,4189,8800,14,1,3,3,2,5,0,3,0,0,1,0,0,1,0,0,1,0,0,0,0,1,0,0,0,0,0,0,0,1,0,0,1,0,0,0
1277,46,No,2,4,3,3,19328,14218,17,3,3,3,1,2,2,2,0,0,1,0,1,0,0,0,0,1,0,0,0,1,0,0,0,0,0,1,0,0,0,1,0,0,1,0
1278,36,No,10,3,4,3,8321,25949,13,4,3,3,8,12,5,7,0,0,1,0,1,0,0,1,0,0,0,0,0,1,1,0,0,0,0,0,0,0,0,0,1,0,1,0
1279,44,Yes,1,2,3,3,2342,11092,12,3,3,2,3,5,2,3,0,1,0,0,1,0,0,0,0,1,0,0,0,1,0,0,0,0,0,0,1,0,0,1,0,0,1,1
1280,37,No,8,2,3,3,4071,12832,13,3,3,2,0,10,4,7,0,0,1,1,0,0,0,0,0,0,1,0,0,1,0,1,0,0,0,0,0,0,0,1,0,0,0,0
1281,35,Yes,27,3,3,3,5813,13492,18,4,3,3,7,10,7,7,0,0,1,0,0,1,0,1,0,0,0,0,0,1,0,0,0,0,0,0,0,1,0,0,0,1,1,1
1282,33,No,8,4,4,4,3143,6076,19,2,3,3,8,10,7,6,0,0,1,0,1,0,0,1,0,0,0,0,0,1,0,0,0,0,0,0,1,0,0,0,1,0,0,0
1283,28,No,1,3,3,3,2044,5531,11,3,3,4,3,5,0,3,0,0,1,0,1,0,0,1,0,0,0,0,0,1,0,0,0,0,0,0,1,0,0,0,1,0,0,0
1284,39,No,10,1,3,3,13464,7914,21,3,4,3,3,4,2,2,0,0,1,0,1,0,0,0,0,1,0,0,0,1,0,0,0,0,0,1,0,0,0,0,0,1,0,0
1285,46,No,26,2,2,2,7991,25166,15,3,3,3,2,2,2,2,1,0,0,0,0,1,0,1,0,0,0,0,0,1,0,0,0,0,0,0,0,1,0,0,0,1,0,0
1286,40,No,2,2,3,3,3377,25605,17,4,3,2,3,4,0,2,0,0,1,0,1,0,0,1,0,0,0,0,1,0,0,0,1,0,0,0,0,0,0,0,1,0,0,0
1287,42,No,13,3,2,4,5538,5696,18,3,3,2,0,0,0,0,0,0,1,0,1,0,0,0,0,1,0,0,0,1,1,0,0,0,0,0,0,0,0,0,1,0,0,0
1288,35,No,2,2,2,3,5762,24442,14,3,3,3,7,7,1,7,1,0,0,0,1,0,0,0,0,1,0,0,0,1,0,0,0,0,1,0,0,0,0,1,0,0,0,0
1289,38,No,2,3,1,3,2592,7129,13,4,3,3,10,11,3,8,1,0,0,1,0,0,1,0,0,0,0,0,0,1,0,1,0,0,0,0,0,0,0,1,0,0,0,0
1290,34,Yes,9,4,4,3,5346,6208,17,3,3,2,1,7,0,7,0,1,0,0,1,0,0,1,0,0,0,0,0,1,0,0,1,0,0,0,0,0,0,0,1,0,0,1
1291,37,Yes,10,4,4,3,4213,4992,15,2,3,1,3,10,0,8,0,0,1,0,1,0,0,0,0,1,0,0,0,1,0,0,0,0,1,0,0,0,0,0,0,1,0,1
1292,39,No,20,3,3,3,4127,19188,18,4,3,3,1,2,2,2,0,1,0,0,0,1,0,1,0,0,0,0,0,1,0,0,0,0,0,0,0,1,0,1,0,0,0,0
1293,43,No,9,3,1,3,2438,24978,13,3,3,2,2,3,1,2,1,0,0,0,1,0,0,1,0,0,0,0,0,1,0,0,0,0,0,0,1,0,0,0,0,1,0,0
1294,41,No,5,3,2,4,6870,15530,12,1,3,1,2,3,1,2,0,0,1,0,1,0,0,1,0,0,0,0,0,1,1,0,0,0,0,0,0,0,0,0,0,1,0,0
1295,41,No,4,1,3,3,10447,26458,13,4,3,4,14,22,13,5,0,0,1,0,0,1,0,0,1,0,0,0,1,0,0,0,0,0,0,0,0,1,0,1,0,0,1,0
1296,30,No,10,3,1,3,9667,2739,14,2,3,3,7,7,0,2,0,0,1,0,1,0,0,0,0,1,0,0,1,0,0,0,0,0,1,0,0,0,0,0,0,1,0,0
1297,26,Yes,20,2,4,3,2148,6889,11,3,3,3,1,5,1,4,0,0,1,1,0,0,0,0,0,1,0,0,1,0,0,1,0,0,0,0,0,0,0,0,1,0,1,1
1298,46,Yes,21,2,4,3,8926,10842,22,4,4,4,7,9,3,7,0,0,1,0,1,0,0,0,0,1,0,0,1,0,1,0,0,0,0,0,0,0,0,0,1,0,0,1
1299,40,No,1,3,3,3,6513,9060,17,4,3,3,3,5,0,3,0,0,1,0,1,0,0,1,0,0,0,0,1,0,1,0,0,0,0,0,0,0,0,1,0,0,0,0
1300,34,No,8,2,2,4,6799,22128,21,3,4,3,8,10,4,8,0,0,1,0,0,1,0,0,0,0,0,1,0,1,0,0,0,0,0,0,0,1,0,0,1,0,0,0
1301,58,No,2,3,2,3,16291,22577,22,4,4,2,9,16,14,14,1,0,0,0,0,1,0,0,0,1,0,0,0,1,0,0,0,1,0,0,0,0,0,1,0,0,0,0
1302,35,No,23,4,2,1,2705,9696,16,2,3,4,4,5,0,3,0,0,1,0,1,0,0,0,0,1,0,0,0,1,0,0,1,0,0,0,0,0,0,0,1,0,0,0
1303,47,No,4,3,3,2,10333,19271,12,3,3,3,11,22,14,10,0,0,1,0,1,0,0,1,0,0,0,0,1,0,0,0,0,0,1,0,0,0,0,1,0,0,1,0
1304,40,No,12,3,2,3,4448,10748,12,2,3,3,4,7,7,7,0,0,1,0,1,0,0,1,0,0,0,0,1,0,1,0,0,0,0,0,0,0,0,1,0,0,0,0
1305,54,No,7,4,4,3,6854,15696,15,2,3,2,1,7,1,7,0,0,1,0,1,0,0,0,0,1,0,0,1,0,0,0,0,0,0,0,1,0,0,0,1,0,0,0
1306,31,No,7,4,1,3,9637,8277,14,4,3,3,2,3,2,2,0,1,0,0,0,1,0,0,1,0,0,0,1,0,0,0,0,0,0,0,0,1,0,0,1,0,0,0
1307,28,No,1,3,3,3,3591,12719,25,3,4,3,2,3,1,2,0,0,1,0,1,0,0,0,0,1,0,0,1,0,0,0,0,0,0,0,1,0,0,0,1,0,0,0
1308,38,No,2,4,2,1,5405,4244,20,1,4,2,2,4,0,3,0,0,1,0,0,1,0,0,1,0,0,0,1,0,0,0,0,0,0,0,0,0,1,0,1,0,1,0
1309,26,No,10,3,3,3,4684,9125,13,1,3,3,3,5,1,2,0,0,1,0,0,1,0,0,0,1,0,0,0,1,0,0,0,0,0,0,0,1,0,0,0,1,0,0
1310,58,No,15,4,1,3,15787,21624,14,2,3,3,2,2,2,2,0,1,0,0,1,0,0,1,0,0,0,0,0,1,0,0,0,0,0,1,0,0,0,0,1,0,1,0
1311,18,No,14,3,2,3,1514,8018,16,3,3,1,0,0,0,0,1,0,0,0,1,0,0,0,0,1,0,0,1,0,0,0,0,0,0,0,1,0,0,0,0,1,0,0
1312,31,Yes,18,5,4,4,2956,21495,17,3,3,3,0,1,0,0,0,0,1,1,0,0,1,0,0,0,0,0,0,1,0,1,0,0,0,0,0,0,0,0,1,0,0,1
1313,29,Yes,13,3,1,2,2335,3157,15,4,3,3,2,2,2,0,0,0,1,1,0,0,1,0,0,0,0,0,0,1,0,1,0,0,0,0,0,0,0,1,0,0,1,1
1314,45,No,2,4,3,3,5154,19665,22,2,4,4,7,8,5,7,1,0,0,0,0,1,0,1,0,0,0,0,1,0,0,0,0,0,0,0,0,1,0,0,1,0,0,0
1315,36,No,2,4,4,3,6962,19573,22,4,4,3,0,1,0,0,0,0,1,0,1,0,0,0,0,0,1,0,1,0,0,0,0,0,0,0,1,0,0,0,1,0,1,0
1316,43,No,2,4,1,3,5675,19246,20,3,4,3,7,7,7,7,0,1,0,0,0,1,0,1,0,0,0,0,0,1,0,0,0,0,0,0,0,1,0,0,1,0,0,0
1317,27,No,5,2,4,3,2379,19826,14,3,3,2,4,5,0,2,0,1,0,0,1,0,0,1,0,0,0,0,1,0,0,0,1,0,0,0,0,0,0,0,0,1,1,0
1318,29,No,20,1,4,3,3812,7003,13,2,3,4,8,11,3,10,0,1,0,0,1,0,0,0,0,1,0,0,0,1,0,0,1,0,0,0,0,0,0,0,1,0,0,0
1319,32,No,10,4,4,3,4648,26075,13,3,3,4,0,0,0,0,0,1,0,0,0,1,0,0,1,0,0,0,0,1,0,0,0,0,0,0,0,1,0,0,0,1,0,0
1320,42,No,10,4,3,3,2936,6161,22,2,4,2,3,6,3,3,1,0,0,0,1,0,0,0,0,0,0,1,0,1,0,0,0,0,0,0,1,0,0,0,1,0,0,0
1321,47,No,9,4,2,3,2105,5411,12,3,3,3,2,2,2,0,0,0,1,0,1,0,0,1,0,0,0,0,1,0,0,0,1,0,0,0,0,0,0,0,0,1,0,0
1322,46,No,2,2,4,3,8578,19989,14,3,3,2,8,9,4,7,0,0,1,0,1,0,0,1,0,0,0,0,0,1,0,0,0,0,1,0,0,0,0,1,0,0,0,0
1323,28,No,1,2,3,3,2706,10494,15,2,3,3,2,3,2,2,1,0,0,1,0,0,0,1,0,0,0,0,0,1,0,1,0,0,0,0,0,0,0,1,0,0,0,0
1324,29,No,29,1,4,1,6384,21143,17,4,3,3,0,7,1,6,0,0,1,0,1,0,0,1,0,0,0,0,0,1,1,0,0,0,0,0,0,0,0,1,0,0,0,0
1325,42,No,8,3,4,3,3968,13624,13,4,3,3,0,0,0,0,0,0,1,0,1,0,0,1,0,0,0,0,0,1,0,0,1,0,0,0,0,0,0,0,0,1,0,0
1326,32,Yes,2,4,3,2,9907,26186,12,3,3,2,2,2,2,2,0,0,1,0,0,1,0,0,1,0,0,0,0,1,0,0,0,0,0,0,0,1,0,0,0,1,1,1
1327,46,No,3,3,1,4,13225,7739,12,4,3,3,17,19,2,8,0,0,1,0,0,1,0,0,0,0,0,1,1,0,0,0,0,0,0,0,0,1,0,1,0,0,0,0
1328,27,No,23,1,2,2,3540,7018,21,4,4,3,8,9,5,8,0,0,1,0,0,1,0,0,0,1,0,0,1,0,0,0,0,0,0,0,0,0,1,0,1,0,0,0
1329,29,No,6,1,4,2,2804,15434,11,4,3,3,0,1,0,0,0,0,1,1,0,0,0,0,0,1,0,0,0,1,0,1,0,0,0,0,0,0,0,0,1,0,0,0
1330,43,No,6,3,1,2,19392,22539,13,4,3,3,12,16,6,14,0,0,1,0,1,0,0,0,0,1,0,0,1,0,0,0,0,1,0,0,0,0,0,0,1,0,0,0
1331,48,No,10,3,4,2,19665,13583,12,4,3,3,10,22,12,9,0,0,1,0,1,0,0,1,0,0,0,0,0,1,0,0,0,0,0,1,0,0,0,0,1,0,0,0
1332,29,Yes,24,2,4,2,2439,14753,24,2,4,2,0,1,1,0,0,1,0,0,1,0,0,1,0,0,0,0,0,1,0,0,0,0,0,0,1,0,0,0,0,1,1,1
1333,46,Yes,10,3,3,3,7314,14011,21,3,4,3,7,8,0,7,0,0,1,0,0,1,0,1,0,0,0,0,1,0,0,0,0,0,0,0,0,1,0,0,1,0,0,1
1334,27,No,15,3,4,2,4774,23844,19,4,3,2,6,7,7,3,0,1,0,0,1,0,0,1,0,0,0,0,1,0,0,0,0,0,0,0,1,0,0,0,1,0,0,0
1335,39,No,19,4,4,3,3902,5141,14,2,3,3,2,2,2,2,0,0,1,0,1,0,0,0,0,0,1,0,0,1,0,0,0,0,0,0,1,0,0,1,0,0,0,0
1336,55,No,2,4,2,2,2662,7975,20,2,4,4,2,5,0,4,0,0,1,0,1,0,0,0,0,0,0,1,0,1,0,0,0,0,0,0,1,0,0,0,1,0,0,0
1337,28,No,3,3,2,3,2856,3692,19,4,3,3,0,1,0,0,0,0,1,0,0,1,0,0,0,1,0,0,1,0,0,0,0,0,0,0,0,0,1,0,1,0,0,0
1338,30,Yes,9,3,2,3,1081,16019,13,3,3,2,0,1,0,0,0,0,1,0,0,1,0,0,0,1,0,0,0,1,0,0,0,0,0,0,0,0,1,0,0,1,0,1
1339,22,Yes,7,1,4,3,2472,26092,23,1,4,3,0,1,0,0,0,0,1,0,1,0,0,1,0,0,0,0,0,1,0,0,0,0,0,0,1,0,0,0,0,1,1,1
1340,36,No,10,4,2,2,5673,6060,13,1,3,3,9,10,1,7,0,0,1,0,0,1,0,0,0,0,0,1,1,0,0,0,0,0,0,0,0,1,0,0,1,0,1,0
1341,31,No,20,3,2,3,4197,18624,11,1,3,3,8,10,0,2,0,0,1,0,1,0,0,1,0,0,0,0,0,1,0,0,1,0,0,0,0,0,0,1,0,0,0,0
1342,34,No,4,3,3,3,9713,24444,13,4,3,3,3,5,1,0,0,0,1,0,0,1,0,1,0,0,0,0,0,1,0,0,0,0,0,0,0,1,0,0,1,0,1,0
1343,29,No,7,3,4,3,2062,19384,14,2,3,3,2,3,1,2,0,0,1,0,1,0,0,1,0,0,0,0,0,1,0,0,1,0,0,0,0,0,0,0,0,1,0,0
1344,37,No,7,4,4,3,4284,13588,22,3,4,3,3,5,0,4,0,0,1,0,1,0,0,0,0,1,0,0,0,1,0,0,0,0,0,0,1,0,0,0,1,0,1,0
1345,35,No,16,2,4,2,4788,25388,11,4,3,3,2,3,0,2,0,0,1,0,1,0,0,0,0,0,1,0,1,0,0,0,0,0,1,0,0,0,0,0,1,0,1,0
1346,45,No,25,2,2,2,5906,23888,13,4,3,2,8,9,3,8,0,0,1,0,1,0,0,1,0,0,0,0,1,0,0,0,0,0,1,0,0,0,0,0,1,0,0,0
1347,36,No,2,1,2,2,3886,4223,21,4,4,2,1,10,0,8,0,1,0,1,0,0,1,0,0,0,0,0,0,1,0,1,0,0,0,0,0,0,0,0,0,1,0,0
1348,40,No,1,4,1,3,16823,18991,11,1,3,3,7,19,11,16,0,0,1,0,1,0,0,1,0,0,0,0,0,1,0,0,0,1,0,0,0,0,0,1,0,0,0,0
1349,26,No,1,2,2,2,2933,14908,13,3,3,2,0,1,1,0,0,0,1,0,1,0,0,1,0,0,0,0,1,0,0,0,0,0,0,0,1,0,0,0,1,0,1,0
1350,27,No,2,2,1,4,6500,26997,14,2,3,2,7,8,0,7,0,0,1,0,0,1,0,0,0,1,0,0,1,0,0,0,0,0,0,0,0,1,0,0,0,1,0,0
1351,48,No,22,3,4,3,17174,2437,11,2,3,3,17,22,4,7,0,1,0,0,1,0,0,0,0,1,0,0,1,0,0,0,0,1,0,0,0,0,0,1,0,0,0,0
1352,44,No,1,4,2,4,5033,9364,15,4,3,3,0,2,2,2,0,0,1,0,1,0,0,1,0,0,0,0,0,1,1,0,0,0,0,0,0,0,0,0,1,0,0,0
1353,34,Yes,16,4,4,1,2307,14460,23,2,4,3,2,5,3,0,1,0,0,0,1,0,0,0,0,0,0,1,0,1,0,0,0,0,0,0,1,0,0,0,1,0,1,1
1354,56,Yes,24,2,1,3,2587,10261,16,4,3,3,2,4,1,0,0,0,1,0,1,0,0,1,0,0,0,0,0,1,0,0,1,0,0,0,0,0,0,0,0,1,0,1
1355,36,No,17,2,3,2,5507,16822,16,3,3,1,2,4,1,3,0,0,1,0,0,1,0,0,1,0,0,0,0,1,0,0,0,0,0,0,0,1,0,0,1,0,0,0
1356,41,No,8,3,3,3,4393,26841,21,3,4,3,4,5,1,4,0,0,1,0,0,1,0,0,1,0,0,0,1,0,0,0,0,0,0,0,0,1,0,0,1,0,0,0
1357,42,No,6,3,3,3,13348,14842,13,2,3,4,7,13,5,7,0,0,1,0,1,0,0,0,0,1,0,0,0,1,0,0,0,0,0,1,0,0,0,0,1,0,0,0
1358,31,No,10,2,3,3,6583,20115,11,4,3,3,2,5,1,4,0,0,1,0,0,1,0,0,0,1,0,0,1,0,0,0,0,0,0,0,0,1,0,1,0,0,1,0
1359,34,No,3,1,4,2,8103,16495,12,3,3,2,2,4,0,1,0,0,1,0,0,1,0,0,0,1,0,0,1,0,0,0,0,0,0,0,0,1,0,0,1,0,1,0
1360,31,No,4,3,1,4,3978,16031,12,2,3,2,2,2,2,2,0,0,1,0,1,0,0,0,0,1,0,0,1,0,0,0,1,0,0,0,0,0,0,1,0,0,0,0
1361,26,No,6,3,3,4,2544,7102,18,1,3,3,7,7,7,7,0,1,0,0,1,0,0,0,0,0,1,0,0,1,0,0,1,0,0,0,0,0,0,0,1,0,0,0
1362,45,No,1,4,2,3,5399,14511,12,3,3,3,2,4,0,3,0,1,0,0,1,0,0,0,0,1,0,0,0,1,1,0,0,0,0,0,0,0,0,0,0,1,0,0
1363,33,No,10,4,2,3,5487,10410,14,2,3,2,4,10,0,9,0,0,1,0,0,1,0,0,1,0,0,0,0,1,0,0,0,0,0,0,0,1,0,0,0,1,0,0
1364,28,No,1,2,3,2,6834,19255,12,3,3,3,7,7,0,7,0,1,0,0,0,1,0,1,0,0,0,0,0,1,0,0,0,0,0,0,0,1,0,0,1,0,1,0
1365,29,Yes,24,3,3,4,1091,10642,17,4,3,3,0,1,0,0,0,1,0,0,0,1,0,0,0,0,0,1,0,1,0,0,0,0,0,0,0,0,1,0,0,1,0,1
1366,39,No,21,4,1,1,5736,3987,19,3,3,3,2,3,1,2,1,0,0,0,0,1,0,1,0,0,0,0,1,0,0,0,0,0,0,0,0,1,0,0,1,0,0,0
1367,27,No,2,4,2,3,2226,6073,11,3,3,2,3,5,1,2,0,0,1,0,1,0,0,0,0,0,0,1,0,1,0,0,0,0,0,0,1,0,0,0,1,0,0,0
1368,34,No,22,4,3,2,5747,26496,15,2,3,3,10,15,6,11,0,1,0,0,1,0,0,0,0,0,1,0,0,1,0,0,0,0,0,0,1,0,0,0,1,0,1,0
1369,28,Yes,13,2,4,3,9854,23352,11,4,3,3,0,2,2,2,0,0,1,0,0,1,0,0,1,0,0,0,1,0,0,0,0,0,0,0,0,1,0,0,0,1,1,1
1370,47,No,14,4,3,3,5467,2125,18,3,3,4,7,8,1,7,1,0,0,0,1,0,0,0,0,0,0,1,0,1,0,0,0,0,0,0,1,0,0,0,1,0,0,0
1371,56,No,11,5,4,2,5380,20328,16,3,3,3,0,0,0,0,0,0,1,0,0,1,0,0,1,0,0,0,1,0,0,0,0,0,0,0,0,1,0,0,1,0,0,0
1372,39,No,9,2,1,3,5151,12315,25,4,4,3,0,10,7,9,0,0,1,0,1,0,0,0,0,1,0,0,0,1,0,0,0,0,1,0,0,0,0,0,1,0,0,0
1373,38,No,8,3,4,2,2133,18115,16,3,3,3,11,20,0,7,0,1,0,0,1,0,0,0,0,1,0,0,1,0,0,0,0,0,0,0,1,0,0,1,0,0,1,0
1374,58,No,21,3,4,3,17875,11761,13,3,3,2,0,1,0,0,0,0,1,0,0,1,0,1,0,0,0,0,1,0,0,0,0,1,0,0,0,0,0,0,1,0,1,0
1375,32,Yes,5,2,1,4,2432,15318,14,1,3,3,1,4,0,3,0,1,0,0,1,0,0,1,0,0,0,0,1,0,0,0,0,0,0,0,1,0,0,0,0,1,1,1
1376,38,No,9,2,2,3,4771,14293,19,4,3,4,2,5,0,3,0,0,1,0,1,0,0,1,0,0,0,0,0,1,0,0,0,0,0,0,1,0,0,1,0,0,0,0
1377,49,No,2,1,2,3,19161,13738,15,4,3,3,4,5,4,3,0,1,0,0,1,0,0,1,0,0,0,0,0,1,0,0,0,0,0,1,0,0,0,0,1,0,0,0
1378,42,No,12,4,2,3,5087,2900,12,3,3,3,0,0,0,0,0,0,1,0,0,1,0,0,1,0,0,0,0,1,0,0,0,0,0,0,0,1,0,1,0,0,1,0
1379,27,Yes,22,3,1,2,2863,19555,12,1,3,3,0,1,0,0,0,1,0,1,0,0,1,0,0,0,0,0,1,0,0,1,0,0,0,0,0,0,0,0,1,0,0,1
1380,35,No,18,4,2,3,5561,15975,16,4,3,1,3,5,0,4,0,0,1,0,0,1,0,0,0,1,0,0,0,1,0,0,0,0,0,0,0,1,0,0,1,0,0,0
1381,28,No,16,3,3,3,2144,2122,14,3,3,2,3,5,1,4,1,0,0,0,1,0,0,0,0,1,0,0,0,1,0,0,0,0,0,0,1,0,0,0,0,1,0,0
1382,31,No,3,2,3,3,3065,3995,13,4,3,4,2,4,2,3,1,0,0,0,1,0,0,0,0,1,0,0,0,1,0,0,0,0,0,0,1,0,0,1,0,0,1,0
1383,36,No,9,4,1,4,2810,9238,22,2,4,3,4,5,0,2,1,0,0,0,1,0,0,1,0,0,0,0,0,1,0,0,1,0,0,0,0,0,0,0,1,0,0,0
1384,34,No,1,3,1,3,9888,6770,21,1,4,2,8,14,2,1,0,0,1,0,0,1,0,0,1,0,0,0,0,1,0,0,0,0,0,0,0,1,0,0,0,1,0,0
1385,34,No,13,4,4,3,8628,22914,18,3,3,2,7,8,1,1,0,0,1,0,0,1,0,0,0,1,0,0,0,1,0,0,0,0,0,0,0,1,0,1,0,0,0,0
1386,26,No,1,3,3,3,2867,20006,13,4,3,2,7,7,7,6,0,0,1,0,1,0,0,0,0,1,0,0,0,1,0,0,1,0,0,0,0,0,0,0,0,1,0,0
1387,29,No,1,3,1,3,5373,6225,12,1,3,2,3,5,0,2,0,0,1,0,1,0,0,1,0,0,0,0,0,1,1,0,0,0,0,0,0,0,0,0,1,0,0,0
1388,32,No,15,4,3,3,6667,16542,18,2,3,3,1,5,1,2,1,0,0,0,1,0,0,0,0,1,0,0,1,0,1,0,0,0,0,0,0,0,0,1,0,0,0,0
1389,31,No,1,3,4,1,5003,5771,21,2,4,3,8,10,8,7,0,1,0,0,1,0,0,1,0,0,0,0,0,1,0,0,0,0,0,0,1,0,0,0,1,0,0,0
1390,28,Yes,17,3,3,2,2367,18779,12,1,3,2,1,4,0,3,0,0,1,0,1,0,0,0,0,0,0,1,0,1,0,0,1,0,0,0,0,0,0,1,0,0,0,1
1391,38,No,1,3,1,2,2858,11473,14,1,3,2,0,1,0,0,0,0,1,0,0,1,0,1,0,0,0,0,0,1,0,0,0,0,0,0,0,0,1,0,0,1,0,0
1392,35,No,7,4,3,3,5204,13586,11,4,3,3,8,10,0,9,0,0,1,0,0,1,0,1,0,0,0,0,1,0,0,0,0,0,0,0,0,1,0,0,1,0,1,0
1393,27,No,9,3,4,3,4105,5099,14,1,3,3,7,7,0,7,0,0,1,0,0,1,0,0,1,0,0,0,0,1,0,0,0,0,0,0,0,1,0,0,0,1,0,0
1394,32,No,5,4,4,2,9679,10138,24,2,4,3,0,1,0,0,0,0,1,0,1,0,0,1,0,0,0,0,0,1,0,0,0,0,1,0,0,0,0,0,0,1,0,0
1395,31,Yes,26,4,1,3,5617,21075,11,3,3,3,7,10,0,8,0,1,0,0,0,1,0,0,1,0,0,0,0,1,0,0,0,0,0,0,0,1,0,0,1,0,1,1
1396,53,Yes,24,4,1,3,10448,5843,13,2,3,2,2,2,2,2,0,0,1,0,0,1,0,1,0,0,0,0,0,1,0,0,0,0,0,0,0,1,0,0,0,1,1,1
1397,54,No,9,2,1,3,2897,22474,11,3,3,2,3,4,2,3,0,0,1,0,1,0,0,1,0,0,0,0,1,0,0,0,0,0,0,0,1,0,0,0,1,0,0,0
1398,33,No,7,2,4,3,5968,18079,20,3,4,3,7,9,2,8,0,1,0,0,1,0,0,1,0,0,0,0,0,1,1,0,0,0,0,0,0,0,0,1,0,0,0,0
1399,43,No,11,3,1,3,7510,16873,17,2,3,3,9,10,0,9,0,0,1,0,1,0,0,1,0,0,0,0,0,1,1,0,0,0,0,0,0,0,0,0,1,0,0,0
1400,38,No,1,4,4,3,2991,5224,11,2,3,3,2,6,1,2,0,1,0,1,0,0,0,0,0,0,1,0,0,1,0,1,0,0,0,0,0,0,0,0,1,0,1,0
1401,55,No,26,4,3,4,19636,25811,18,1,3,3,9,10,1,4,0,0,1,1,0,0,1,0,0,0,0,0,0,1,0,0,0,1,0,0,0,0,0,0,1,0,1,0
1402,31,No,2,1,4,1,1129,17536,11,3,3,3,0,1,0,0,0,0,1,0,1,0,0,0,0,1,0,0,1,0,0,0,1,0,0,0,0,0,0,1,0,0,1,0
1403,39,No,15,4,2,3,13341,25098,12,1,3,3,8,20,11,10,0,0,1,0,0,1,0,0,1,0,0,0,0,1,0,0,0,0,0,0,0,1,0,0,0,1,0,0
1404,42,No,23,2,4,2,4332,14811,12,4,3,3,9,20,3,7,1,0,0,0,1,0,0,1,0,0,0,0,0,1,0,0,0,0,0,0,1,0,0,0,0,1,0,0
1405,31,No,10,3,3,3,11031,26862,20,3,4,4,7,11,4,8,1,0,0,0,1,0,0,0,0,1,0,0,1,0,0,0,0,0,0,1,0,0,0,0,1,0,0,0
1406,54,No,10,3,3,3,4440,25198,19,4,3,3,2,5,1,4,0,0,1,0,1,0,0,0,0,1,0,0,1,0,0,0,0,0,1,0,0,0,0,0,0,1,1,0
1407,24,No,1,2,2,2,4617,14120,12,2,3,2,3,4,1,2,0,0,1,0,1,0,0,1,0,0,0,0,0,1,1,0,0,0,0,0,0,0,0,0,0,1,0,0
1408,23,No,12,2,4,3,2647,13672,13,3,3,4,2,5,1,4,0,0,1,0,1,0,0,0,0,0,1,0,0,1,0,0,1,0,0,0,0,0,0,0,0,1,0,0
1409,40,No,11,3,4,3,6323,26849,11,1,3,4,9,10,9,4,0,1,0,0,1,0,0,0,0,0,0,1,1,0,0,0,1,0,0,0,0,0,0,0,1,0,0,0
1410,40,No,2,2,2,3,5677,4258,14,3,3,3,8,11,5,10,0,0,1,0,0,1,0,0,1,0,0,0,1,0,0,0,0,0,0,0,0,1,0,0,1,0,0,0
1411,25,No,2,3,3,3,2187,19655,14,3,3,3,0,2,1,2,0,0,1,1,0,0,1,0,0,0,0,0,1,0,0,1,0,0,0,0,0,0,0,0,1,0,0,0
1412,30,No,1,2,4,3,3748,4077,13,3,3,2,8,12,1,7,0,0,1,0,1,0,0,0,0,1,0,0,0,1,0,0,1,0,0,0,0,0,0,0,1,0,0,0
1413,25,No,2,1,4,3,3977,7298,19,3,3,2,2,2,0,2,0,0,1,0,1,0,0,0,0,0,1,0,0,1,0,0,1,0,0,0,0,0,0,1,0,0,1,0
1414,47,No,25,3,1,3,8633,13084,23,2,4,3,14,17,12,11,0,0,1,0,1,0,0,0,0,1,0,0,0,1,1,0,0,0,0,0,0,0,0,0,0,1,0,0
1415,33,No,1,2,2,2,2008,20439,12,3,3,2,1,1,0,0,1,0,0,0,1,0,0,0,0,1,0,0,0,1,0,0,1,0,0,0,0,0,0,1,0,0,0,0
1416,38,No,1,4,4,3,4440,7636,15,1,3,3,13,15,5,8,0,0,1,0,0,1,0,1,0,0,0,0,0,1,0,0,0,0,0,0,0,1,0,0,1,0,0,0
1417,31,No,2,2,1,3,3067,6393,19,3,3,3,2,2,1,2,0,0,1,0,0,1,0,1,0,0,0,0,0,1,0,0,0,0,0,0,0,0,1,0,1,0,0,0
1418,38,No,6,4,1,2,5321,14284,11,4,3,3,3,8,7,7,0,1,0,0,1,0,0,1,0,0,0,0,0,1,0,0,0,0,1,0,0,0,0,0,1,0,0,0
1419,42,No,18,4,4,3,5410,11189,17,3,3,2,3,4,1,2,0,0,1,0,1,0,0,1,0,0,0,0,0,1,0,0,0,0,0,0,1,0,0,1,0,0,1,0
1420,41,No,1,3,4,3,2782,21412,22,1,4,3,3,5,1,0,0,0,1,0,1,0,0,1,0,0,0,0,0,1,0,0,0,0,0,0,1,0,0,0,1,0,0,0
1421,47,No,1,1,3,3,11957,17231,18,1,3,1,8,13,5,12,1,0,0,0,1,0,0,0,0,1,0,0,1,0,0,0,0,0,0,1,0,0,0,0,1,0,0,0
1422,35,No,11,4,4,3,2660,20232,11,3,3,3,2,2,2,2,0,0,1,0,1,0,0,0,0,1,0,0,0,1,0,0,1,0,0,0,0,0,0,0,1,0,1,0
1423,22,No,1,2,4,3,3375,17624,12,4,3,4,2,3,1,2,0,0,1,0,1,0,0,1,0,0,0,0,0,1,0,0,0,0,0,0,1,0,0,0,0,1,0,0
1424,35,No,9,4,2,3,5098,18698,19,2,3,3,7,10,0,8,0,0,1,0,1,0,0,0,0,1,0,0,0,1,0,0,0,0,0,0,1,0,0,0,0,1,0,0
1425,33,No,15,2,2,3,4878,21653,13,1,3,3,7,9,8,1,0,0,1,0,1,0,0,0,0,1,0,0,1,0,1,0,0,0,0,0,0,0,0,0,1,0,1,0
1426,32,No,29,4,3,2,2837,15919,13,3,3,3,2,6,4,1,0,0,1,0,1,0,0,1,0,0,0,0,1,0,0,0,1,0,0,0,0,0,0,0,0,1,0,0
1427,40,No,1,4,1,3,2406,4060,19,3,3,2,0,1,0,0,0,0,1,0,1,0,0,1,0,0,0,0,0,1,0,0,1,0,0,0,0,0,0,0,1,0,0,0
1428,32,No,1,4,2,2,2269,18024,14,2,3,3,2,2,2,2,0,0,1,0,0,1,0,0,0,1,0,0,0,1,0,0,0,0,0,0,0,0,1,0,1,0,0,0
1429,39,No,24,1,1,3,4108,5340,13,1,3,3,7,7,1,7,0,0,1,0,1,0,0,1,0,0,0,0,0,1,0,0,0,0,0,0,1,0,0,0,0,1,0,0
1430,38,No,10,3,2,1,13206,3376,12,1,3,3,16,18,1,11,0,0,1,0,1,0,0,0,0,1,0,0,1,0,0,0,0,0,0,1,0,0,0,0,1,0,0,0
1431,32,No,1,4,3,3,10422,24032,19,3,3,3,10,14,5,7,0,0,1,0,0,1,0,0,1,0,0,0,1,0,0,0,0,0,0,0,0,1,0,0,1,0,0,0
1432,37,No,10,3,3,4,13744,15471,25,1,4,3,11,16,6,8,0,0,1,0,1,0,0,1,0,0,0,0,1,0,0,0,0,0,0,1,0,0,0,0,1,0,1,0
1433,25,No,8,2,1,3,4907,13684,22,2,4,2,3,5,0,4,0,0,1,0,0,1,0,0,0,0,1,0,1,0,0,0,0,0,0,0,0,1,0,1,0,0,1,0
1434,52,No,29,4,1,3,3482,19788,15,2,3,2,8,9,0,0,1,0,0,0,0,1,0,1,0,0,0,0,0,1,0,0,0,0,0,0,0,0,1,1,0,0,0,0
1435,44,No,1,3,2,3,2436,13422,12,3,3,3,3,4,1,2,0,0,1,0,1,0,0,0,0,1,0,0,0,1,0,0,0,0,0,0,1,0,0,0,0,1,1,0
1436,21,No,5,1,3,3,2380,25479,11,4,3,3,2,2,1,2,0,0,1,0,0,1,0,0,0,1,0,0,0,1,0,0,0,0,0,0,0,0,1,0,0,1,1,0
1437,39,No,9,3,4,3,19431,15302,13,3,3,2,0,6,1,3,1,0,0,0,1,0,0,1,0,0,0,0,0,1,0,0,0,1,0,0,0,0,0,0,0,1,0,0
1438,23,Yes,9,3,4,3,1790,26956,19,1,3,2,0,1,1,0,0,1,0,0,0,1,0,0,1,0,0,0,0,1,0,0,0,0,0,0,0,0,1,0,1,0,0,1
1439,36,No,3,3,1,2,7644,12695,19,3,3,3,7,9,3,4,0,0,1,0,0,1,0,0,0,1,0,0,1,0,0,0,0,0,0,0,0,1,0,0,1,0,0,0
1440,36,No,4,2,4,3,5131,9192,13,2,3,3,2,4,0,2,0,1,0,0,1,0,0,1,0,0,0,0,1,0,0,0,0,0,1,0,0,0,0,1,0,0,0,0
1441,56,No,1,4,3,3,6306,26236,21,1,4,2,12,13,1,9,1,0,0,0,1,0,0,1,0,0,0,0,0,1,1,0,0,0,0,0,0,0,0,1,0,0,0,0
1442,29,Yes,1,4,1,3,4787,26124,14,2,3,4,2,2,2,2,0,0,1,0,1,0,0,0,0,1,0,0,0,1,0,0,0,0,0,0,1,0,0,0,1,0,1,1
1443,42,No,2,3,1,3,18880,17312,11,1,3,2,6,22,4,14,0,0,1,0,1,0,0,1,0,0,0,0,0,1,0,0,0,1,0,0,0,0,0,0,1,0,0,0
1444,56,Yes,7,2,4,3,2339,3666,11,4,3,1,9,10,9,8,0,0,1,0,1,0,0,0,0,0,0,1,0,1,0,0,1,0,0,0,0,0,0,0,1,0,0,1
1445,41,No,28,4,1,2,13570,5640,23,3,4,3,7,20,0,10,0,0,1,0,1,0,0,1,0,0,0,0,1,0,0,0,0,0,1,0,0,0,0,0,1,0,0,0
1446,34,No,28,3,4,2,6712,8978,21,4,4,3,7,8,1,7,0,0,1,0,0,1,0,0,1,0,0,0,1,0,0,0,0,0,0,0,0,1,0,0,1,0,0,0
1447,36,No,15,4,4,1,5406,10436,24,1,4,2,12,15,11,11,1,0,0,0,0,1,0,0,1,0,0,0,0,1,0,0,0,0,0,0,0,1,0,1,0,0,0,0
1448,41,No,3,3,3,2,8938,12227,11,3,3,3,4,5,0,4,0,0,1,0,0,1,0,1,0,0,0,0,0,1,0,0,0,0,0,0,0,1,0,1,0,0,0,0
1449,32,No,2,3,4,3,2439,11288,14,4,3,3,2,4,1,2,0,0,1,0,1,0,0,0,0,0,0,1,0,1,0,0,0,0,0,0,1,0,0,0,0,1,0,0
1450,35,No,26,4,3,3,8837,16642,16,3,3,3,0,9,1,7,0,0,1,1,0,0,0,1,0,0,0,0,1,0,0,1,0,0,0,0,0,0,0,0,0,1,1,0
1451,38,No,10,2,1,3,5343,5982,11,3,3,3,7,10,1,9,0,0,1,0,0,1,0,1,0,0,0,0,1,0,0,0,0,0,0,0,0,1,0,0,1,0,0,0
1452,50,Yes,1,4,2,3,6728,14255,12,4,3,3,3,6,0,1,0,1,0,0,0,1,0,1,0,0,0,0,0,1,0,0,0,0,0,0,0,1,0,1,0,0,0,1
1453,36,No,11,4,2,2,6652,14369,13,1,3,2,3,6,0,0,0,0,1,0,0,1,0,0,1,0,0,0,1,0,0,0,0,0,0,0,0,1,0,0,1,0,0,0
1454,45,No,20,3,4,3,4850,23333,15,3,3,3,3,5,0,1,0,0,1,0,0,1,0,1,0,0,0,0,1,0,0,0,0,0,0,0,0,1,0,0,0,1,0,0
1455,40,No,2,4,3,2,2809,2725,14,4,3,3,2,2,2,2,0,0,1,0,1,0,0,1,0,0,0,0,0,1,0,0,0,0,0,0,1,0,0,0,0,1,0,0
1456,35,No,18,4,3,3,5689,24594,14,4,3,4,2,10,0,2,0,1,0,0,1,0,0,1,0,0,0,0,0,1,1,0,0,0,0,0,0,0,0,0,1,0,1,0
1457,40,No,2,4,3,3,2001,12549,14,2,3,3,3,5,0,2,0,0,1,0,1,0,0,0,0,1,0,0,1,0,0,0,0,0,0,0,1,0,0,0,1,0,0,0
1458,35,No,1,4,3,1,2977,8952,12,4,3,3,3,4,1,1,0,0,1,0,1,0,0,1,0,0,0,0,1,0,0,0,0,0,0,0,1,0,0,0,1,0,0,0
1459,29,No,13,2,4,2,4025,23679,13,1,3,3,3,4,0,3,0,0,1,0,1,0,0,0,0,0,1,0,0,1,0,0,1,0,0,0,0,0,0,0,1,0,1,0
1460,29,No,28,4,4,2,3785,8489,14,2,3,1,4,5,0,4,0,0,1,0,1,0,0,0,0,1,0,0,1,0,0,0,0,0,0,0,1,0,0,0,0,1,0,0
1461,50,Yes,28,3,4,2,10854,16586,13,2,3,3,2,3,2,0,0,0,1,0,0,1,0,0,1,0,0,0,0,1,0,0,0,0,0,0,0,1,0,1,0,0,1,1
1462,39,No,24,1,2,2,12031,8828,11,1,3,2,9,20,9,6,0,0,1,0,0,1,0,0,1,0,0,0,1,0,0,0,0,0,0,0,0,1,0,0,1,0,0,0
1463,31,No,5,3,2,3,9936,3787,19,2,3,3,4,9,1,7,1,0,0,0,1,0,0,0,0,1,0,0,0,1,0,0,0,0,1,0,0,0,0,0,0,1,0,0
1464,26,No,5,3,4,2,2966,21378,18,4,3,3,2,4,0,0,0,0,1,0,0,1,0,0,0,0,1,0,1,0,0,0,0,0,0,0,0,0,1,0,0,1,0,0
1465,36,No,23,2,3,4,2571,12290,17,3,3,3,2,5,0,3,0,1,0,0,1,0,0,0,0,1,0,0,0,1,0,0,1,0,0,0,0,0,0,0,1,0,0,0
1466,39,No,6,1,4,2,9991,21457,15,1,3,3,7,7,1,7,0,0,1,0,1,0,0,0,0,1,0,0,0,1,1,0,0,0,0,0,0,0,0,0,1,0,0,0
1467,27,No,4,3,2,4,6142,5174,20,2,4,3,2,6,0,3,0,0,1,0,1,0,0,1,0,0,0,0,0,1,0,0,0,0,1,0,0,0,0,0,1,0,1,0
1468,49,No,2,3,4,2,5390,13243,14,4,3,2,6,9,0,8,0,1,0,0,0,1,0,0,0,1,0,0,0,1,0,0,0,0,0,0,0,1,0,0,1,0,0,0
1469,34,No,8,3,2,4,4404,10228,12,1,3,4,3,4,1,2,0,0,1,0,1,0,0,0,0,1,0,0,0,1,0,0,1,0,0,0,0,0,0,0,1,0,0,0
